date,t,Tau_Motor,Tau_1,Tau_2,vel,encoder_count,mode,level,turn
10:4:25 - 27/11/2024,0.000,3.19,-28.77,-13.93,0.00,0.00,Active,1,1
10:4:25 - 27/11/2024,0.110,3.20,-28.77,-13.93,0.00,0.00,Active,1,1
10:4:25 - 27/11/2024,0.206,3.20,-28.77,-13.93,0.00,0.00,Active,1,1
10:4:25 - 27/11/2024,0.308,3.20,-28.77,-13.94,0.00,0.00,Active,1,1
10:4:25 - 27/11/2024,0.406,3.20,-28.78,-13.93,0.00,0.00,Active,1,1
10:4:25 - 27/11/2024,0.502,3.20,-28.77,-13.93,0.00,0.00,Active,1,1
10:4:25 - 27/11/2024,0.609,3.20,-28.78,-13.94,0.00,0.00,Active,1,1
10:4:25 - 27/11/2024,0.740,3.20,-28.78,-13.93,0.00,0.00,Active,1,1
10:4:25 - 27/11/2024,0.834,3.20,-28.78,-13.93,0.00,0.00,Active,1,1
10:4:25 - 27/11/2024,0.964,3.20,-28.78,-13.93,0.00,0.00,Active,1,1
10:4:25 - 27/11/2024,1.032,3.20,-28.78,-13.93,0.00,0.00,Active,1,1
10:4:25 - 27/11/2024,1.137,3.20,-28.78,-13.94,0.00,0.00,Active,1,1
10:4:25 - 27/11/2024,1.247,3.18,-28.78,-13.94,0.00,0.00,Active,1,1
10:4:25 - 27/11/2024,1.384,3.18,-28.78,-13.93,0.00,0.00,Active,1,1
10:4:25 - 27/11/2024,1.478,3.18,-28.78,-13.93,0.00,0.00,Active,1,1
10:4:25 - 27/11/2024,1.580,3.18,-28.78,-13.93,0.00,0.00,Active,1,1
10:4:25 - 27/11/2024,1.685,3.18,-28.78,-13.93,0.00,0.00,Active,1,1
10:4:25 - 27/11/2024,1.788,3.20,-28.78,-13.93,0.00,0.00,Active,1,1
10:4:25 - 27/11/2024,1.930,3.22,-28.78,-13.93,0.00,0.00,Active,1,1
10:4:25 - 27/11/2024,2.037,3.22,-28.78,-13.94,0.00,0.00,Active,1,1
10:4:25 - 27/11/2024,2.131,3.22,-28.78,-13.93,0.00,0.00,Active,1,1
10:4:25 - 27/11/2024,2.241,3.20,-28.78,-13.93,0.00,0.00,Active,1,1
10:4:25 - 27/11/2024,2.341,3.20,-28.78,-13.94,0.00,0.00,Active,1,1
10:4:25 - 27/11/2024,2.475,3.20,-28.78,-13.93,0.00,0.00,Active,1,1
10:4:25 - 27/11/2024,2.579,3.20,-28.78,-13.93,0.00,0.00,Active,1,1
10:4:25 - 27/11/2024,2.688,3.18,-28.78,-13.93,0.00,0.00,Active,1,1
10:4:25 - 27/11/2024,2.785,3.18,-28.78,-13.93,0.00,0.00,Active,1,1
10:4:25 - 27/11/2024,2.921,3.18,-28.78,-13.93,0.00,0.00,Active,1,1
10:4:25 - 27/11/2024,3.027,3.18,-28.78,-13.93,0.00,0.00,Active,1,1
10:4:25 - 27/11/2024,3.127,3.18,-28.78,-13.94,0.00,0.00,Active,1,1
10:4:25 - 27/11/2024,3.232,3.18,-28.78,-13.93,0.00,0.00,Active,1,1
10:4:25 - 27/11/2024,3.340,3.18,-28.78,-13.93,0.00,0.00,Active,1,1
10:4:25 - 27/11/2024,3.435,3.18,-28.78,-13.93,0.00,0.00,Active,1,1
10:4:25 - 27/11/2024,3.538,3.18,-28.78,-13.93,0.00,0.00,Active,1,1
10:4:25 - 27/11/2024,3.680,3.19,-28.78,-13.93,0.00,0.00,Active,1,1
10:4:25 - 27/11/2024,3.779,3.19,-28.78,-13.94,0.00,0.00,Active,1,1
10:4:25 - 27/11/2024,3.897,3.19,-28.78,-13.94,0.00,5.00,Active,1,1
10:4:25 - 27/11/2024,3.992,3.19,-28.78,-13.93,1.94,18.00,Active,1,1
10:4:25 - 27/11/2024,4.097,3.30,-28.78,-13.93,4.59,40.00,Active,1,1
10:4:25 - 27/11/2024,4.200,3.30,-28.77,-13.98,5.11,60.00,Active,1,1
10:4:25 - 27/11/2024,4.321,3.47,-28.76,-14.08,4.72,80.00,Active,1,1
10:4:25 - 27/11/2024,4.414,3.47,-28.74,-14.21,3.70,95.00,Active,1,1
10:4:25 - 27/11/2024,4.519,3.45,-28.73,-14.33,5.01,119.00,Active,1,1
10:4:25 - 27/11/2024,4.628,3.45,-28.72,-14.45,7.88,156.00,Active,1,1
10:4:25 - 27/11/2024,4.748,3.45,-28.70,-14.60,11.84,218.00,Active,1,1
10:4:25 - 27/11/2024,4.962,3.62,-28.63,-14.79,16.32,355.00,Active,1,1
10:4:25 - 27/11/2024,5.011,3.60,-28.63,-14.79,16.32,385.00,Active,1,1
10:4:25 - 27/11/2024,5.075,3.60,-28.55,-15.38,14.94,421.00,Active,1,1
10:4:25 - 27/11/2024,5.167,3.60,-28.48,-15.68,11.96,468.00,Active,1,1
10:4:25 - 27/11/2024,5.299,3.60,-28.41,-15.92,9.48,512.00,Active,1,1
10:4:25 - 27/11/2024,5.410,3.37,-28.32,-16.08,7.74,546.00,Active,1,1
10:4:25 - 27/11/2024,5.519,3.37,-28.24,-16.21,7.58,579.00,Active,1,1
10:4:25 - 27/11/2024,5.627,3.37,-28.10,-16.37,8.50,618.00,Active,1,1
10:4:25 - 27/11/2024,5.736,3.42,-28.02,-16.44,10.34,663.00,Active,1,1
10:4:25 - 27/11/2024,5.928,3.48,-28.00,-16.51,11.97,766.00,Active,1,1
10:4:25 - 27/11/2024,5.997,3.48,-28.00,-16.51,14.18,809.00,Active,1,1
10:4:25 - 27/11/2024,6.078,3.50,-28.00,-16.51,16.27,863.00,Active,1,1
10:4:25 - 27/11/2024,6.186,3.50,-28.00,-16.51,17.08,936.00,Active,1,1
10:4:25 - 27/11/2024,6.259,3.50,-28.02,-16.65,17.08,985.00,Active,1,1
10:4:25 - 27/11/2024,6.373,3.50,-28.05,-16.63,16.99,1064.00,Active,1,1
10:4:25 - 27/11/2024,6.495,3.48,-28.07,-16.59,17.42,1155.00,Active,1,1
10:4:25 - 27/11/2024,6.607,3.48,-28.08,-16.53,18.78,1241.00,Active,1,1
10:4:25 - 27/11/2024,6.728,3.51,-28.10,-16.42,19.00,1329.00,Active,1,1
10:4:25 - 27/11/2024,6.837,3.51,-28.25,-16.23,18.35,1402.00,Active,1,1
10:4:25 - 27/11/2024,6.991,3.51,-28.25,-16.23,15.11,1497.00,Active,1,1
10:4:25 - 27/11/2024,7.035,3.41,-28.44,-15.59,15.11,1523.00,Active,1,1
10:4:25 - 27/11/2024,7.144,3.41,-28.53,-15.19,15.68,1597.00,Active,1,1
10:4:25 - 27/11/2024,7.260,3.41,-28.65,-14.23,18.51,1688.00,Active,1,1
10:4:25 - 27/11/2024,7.376,3.41,-28.65,-14.23,20.08,1784.00,Active,1,1
10:4:25 - 27/11/2024,7.494,3.47,-28.75,-13.10,20.51,1880.00,Active,1,1
10:4:25 - 27/11/2024,7.608,3.43,-28.75,-13.10,20.87,1975.00,Active,1,1
10:4:25 - 27/11/2024,7.686,3.43,-28.83,-12.72,21.37,2043.00,Active,1,1
10:4:25 - 27/11/2024,7.803,3.44,-28.86,-12.77,22.02,2149.00,Active,1,1
10:4:25 - 27/11/2024,7.957,3.44,-28.86,-12.77,23.77,2297.00,Active,1,1
10:4:25 - 27/11/2024,8.037,3.44,-28.85,-13.07,25.04,2377.00,Active,1,1
10:4:25 - 27/11/2024,8.117,3.44,-28.81,-13.37,25.04,2461.00,Active,1,1
10:4:25 - 27/11/2024,8.234,3.44,-28.77,-13.69,26.09,2593.00,Active,1,1
10:4:25 - 27/11/2024,8.351,3.44,-28.72,-14.01,28.41,2734.00,Active,1,1
10:4:25 - 27/11/2024,8.470,3.44,-28.65,-14.55,29.88,2866.00,Active,1,1
10:4:25 - 27/11/2024,8.551,3.44,-28.55,-15.22,27.38,2942.00,Active,1,1
10:4:25 - 27/11/2024,8.671,3.40,-28.36,-15.77,22.07,3038.00,Active,1,1
10:4:25 - 27/11/2024,8.786,3.40,-28.14,-16.14,18.78,3122.00,Active,1,1
10:4:25 - 27/11/2024,8.945,3.40,-28.14,-16.14,18.25,3242.00,Active,1,1
10:4:25 - 27/11/2024,9.003,3.40,-28.14,-16.14,19.15,3299.00,Active,1,1
10:4:25 - 27/11/2024,9.104,3.40,-28.04,-16.56,21.43,3376.00,Active,1,1
10:4:25 - 27/11/2024,9.221,3.50,-28.09,-16.55,23.56,3487.00,Active,1,1
10:4:25 - 27/11/2024,9.342,3.50,-28.13,-16.51,25.46,3614.00,Active,1,1
10:4:25 - 27/11/2024,9.459,3.50,-28.13,-16.42,25.46,3731.00,Active,1,1
10:4:25 - 27/11/2024,9.537,3.50,-28.16,-16.21,25.46,3799.00,Active,1,1
10:4:25 - 27/11/2024,9.662,3.35,-28.26,-15.84,22.07,3898.00,Active,1,1
10:4:25 - 27/11/2024,9.773,3.35,-28.39,-15.38,19.74,3985.00,Active,1,1
10:4:25 - 27/11/2024,9.934,3.35,-28.39,-15.38,19.57,4112.00,Active,1,1
10:4:25 - 27/11/2024,9.971,3.35,-28.39,-15.38,19.57,4142.00,Active,1,1
10:4:25 - 27/11/2024,10.102,3.39,-28.71,-13.56,20.20,4249.00,Active,1,1
10:4:25 - 27/11/2024,10.210,3.39,-28.76,-13.07,20.37,4337.00,Active,1,1
10:4:25 - 27/11/2024,10.347,3.38,-28.80,-12.82,21.43,4459.00,Active,1,1
10:4:25 - 27/11/2024,10.431,3.41,-28.84,-12.80,22.77,4538.00,Active,1,1
10:4:25 - 27/11/2024,10.529,3.41,-28.87,-12.98,24.81,4637.00,Active,1,1
10:4:25 - 27/11/2024,10.645,3.41,-28.85,-13.16,26.78,4762.00,Active,1,1
10:4:25 - 27/11/2024,10.778,3.48,-28.85,-13.16,28.44,4915.00,Active,1,1
10:4:25 - 27/11/2024,10.961,3.48,-28.85,-13.16,29.88,5132.00,Active,1,1
10:4:25 - 27/11/2024,10.998,3.48,-28.85,-13.16,28.83,5172.00,Active,1,1
10:4:25 - 27/11/2024,11.083,3.53,-28.48,-14.79,28.83,5259.00,Active,1,1
10:4:25 - 27/11/2024,11.200,3.49,-28.28,-15.44,25.46,5365.00,Active,1,1
10:4:25 - 27/11/2024,11.315,3.49,-28.08,-15.90,22.50,5462.00,Active,1,1
10:4:25 - 27/11/2024,11.404,3.44,-27.97,-16.20,21.43,5540.00,Active,1,1
10:4:25 - 27/11/2024,11.519,3.49,-27.90,-16.40,22.31,5649.00,Active,1,1
10:4:25 - 27/11/2024,11.631,3.49,-27.89,-16.52,24.41,5761.00,Active,1,1
10:4:25 - 27/11/2024,11.752,3.49,-27.91,-16.56,25.47,5883.00,Active,1,1
10:4:25 - 27/11/2024,11.911,3.49,-27.99,-16.54,25.04,6038.00,Active,1,1
10:4:25 - 27/11/2024,11.949,3.49,-27.99,-16.54,23.98,6073.00,Active,1,1
10:4:25 - 27/11/2024,12.069,3.44,-28.15,-16.38,20.62,6168.00,Active,1,1
10:4:25 - 27/11/2024,12.190,3.36,-28.20,-16.15,15.39,6237.00,Active,1,1
10:4:25 - 27/11/2024,12.267,3.36,-28.40,-15.46,15.39,6273.00,Active,1,1
10:4:25 - 27/11/2024,12.383,3.29,-28.47,-15.07,11.98,6336.00,Active,1,1
10:4:25 - 27/11/2024,12.502,3.28,-28.52,-14.72,14.22,6424.00,Active,1,1
10:4:25 - 27/11/2024,12.618,3.28,-28.59,-14.29,19.36,6539.00,Active,1,1
10:4:25 - 27/11/2024,12.739,3.28,-28.65,-13.71,25.25,6669.00,Active,1,1
10:4:25 - 27/11/2024,12.935,3.28,-28.71,-13.09,27.78,6888.00,Active,1,1
10:4:25 - 27/11/2024,12.977,3.28,-28.71,-13.09,27.78,6936.00,Active,1,1
10:4:25 - 27/11/2024,13.055,3.28,-28.85,-12.75,29.07,7031.00,Active,1,1
10:4:25 - 27/11/2024,13.178,3.48,-28.85,-12.89,30.30,7182.00,Active,1,1
10:4:25 - 27/11/2024,13.254,3.48,-28.82,-13.15,30.72,7276.00,Active,1,1
10:4:25 - 27/11/2024,13.373,3.48,-28.78,-13.45,30.56,7418.00,Active,1,1
10:4:25 - 27/11/2024,13.499,3.55,-28.72,-13.74,28.20,7557.00,Active,1,1
10:4:25 - 27/11/2024,13.609,3.55,-28.64,-14.31,26.32,7673.00,Active,1,1
10:4:25 - 27/11/2024,13.686,3.55,-28.33,-15.63,26.32,7752.00,Active,1,1
10:4:25 - 27/11/2024,13.816,3.64,-28.33,-15.63,25.67,7875.00,Active,1,1
10:4:25 - 27/11/2024,13.963,3.64,-28.33,-15.63,22.43,8006.00,Active,1,1
10:4:25 - 27/11/2024,14.044,3.64,-27.97,-16.30,22.43,8076.00,Active,1,1
10:4:25 - 27/11/2024,14.119,3.64,-27.90,-16.52,21.86,8142.00,Active,1,1
10:4:25 - 27/11/2024,14.240,3.57,-27.97,-16.52,21.70,8250.00,Active,1,1
10:4:25 - 27/11/2024,14.360,3.57,-28.01,-16.50,22.92,8365.00,Active,1,1
10:4:25 - 27/11/2024,14.489,3.56,-28.06,-16.46,25.68,8502.00,Active,1,1
10:4:25 - 27/11/2024,14.555,3.56,-28.11,-16.36,27.16,8574.00,Active,1,1
10:4:25 - 27/11/2024,14.675,3.56,-28.19,-16.13,26.30,8699.00,Active,1,1
10:4:25 - 27/11/2024,14.795,3.56,-28.31,-15.68,23.99,8813.00,Active,1,1
10:4:25 - 27/11/2024,14.953,3.37,-28.31,-15.68,24.19,8970.00,Active,1,1
10:4:25 - 27/11/2024,14.992,3.37,-28.67,-14.26,24.19,9012.00,Active,1,1
10:4:25 - 27/11/2024,15.110,3.37,-28.73,-13.46,26.51,9142.00,Active,1,1
10:4:25 - 27/11/2024,15.230,3.46,-28.79,-12.87,27.80,9278.00,Active,1,1
10:4:25 - 27/11/2024,15.349,3.51,-28.87,-12.82,28.20,9411.00,Active,1,1
10:4:25 - 27/11/2024,15.473,3.51,-28.87,-12.82,28.20,9562.00,Active,1,1
10:4:25 - 27/11/2024,15.548,3.48,-28.84,-13.21,30.51,9655.00,Active,1,1
10:4:25 - 27/11/2024,15.664,3.48,-28.84,-13.21,31.89,9800.00,Active,1,1
10:4:25 - 27/11/2024,15.781,3.48,-28.74,-13.81,29.67,9930.00,Active,1,1
10:4:25 - 27/11/2024,15.941,3.47,-28.74,-13.81,25.24,10078.00,Active,1,1
10:4:25 - 27/11/2024,16.023,3.47,-28.74,-13.81,22.47,10152.00,Active,1,1
10:4:25 - 27/11/2024,16.105,3.47,-28.43,-15.68,22.56,10225.00,Active,1,1
10:4:25 - 27/11/2024,16.233,3.45,-28.31,-16.01,22.78,10344.00,Active,1,1
10:4:25 - 27/11/2024,16.308,3.45,-28.20,-16.26,22.78,10418.00,Active,1,1
10:4:25 - 27/11/2024,16.427,3.45,-28.15,-16.46,25.04,10545.00,Active,1,1
10:4:25 - 27/11/2024,16.561,3.45,-28.16,-16.55,26.89,10688.00,Active,1,1
10:4:25 - 27/11/2024,16.631,3.45,-28.22,-16.55,26.44,10762.00,Active,1,1
10:4:25 - 27/11/2024,16.754,3.45,-28.32,-16.52,26.51,10893.00,Active,1,1
10:4:25 - 27/11/2024,16.918,3.40,-28.32,-16.52,26.70,11060.00,Active,1,1
10:4:25 - 27/11/2024,16.997,3.40,-28.32,-16.52,25.04,11138.00,Active,1,1
10:4:25 - 27/11/2024,17.079,3.40,-28.78,-15.22,24.83,11220.00,Active,1,1
10:4:25 - 27/11/2024,17.203,3.40,-28.88,-14.46,24.63,11340.00,Active,1,1
10:4:25 - 27/11/2024,17.322,3.46,-28.96,-13.64,24.63,11460.00,Active,1,1
10:4:25 - 27/11/2024,17.403,3.46,-29.02,-13.01,24.63,11541.00,Active,1,1
10:4:25 - 27/11/2024,17.525,3.46,-29.08,-12.73,25.25,11670.00,Active,1,1
10:4:25 - 27/11/2024,17.643,3.50,-29.12,-12.76,26.48,11800.00,Active,1,1
10:4:25 - 27/11/2024,17.735,3.51,-29.14,-12.88,28.38,11909.00,Active,1,1
10:4:25 - 27/11/2024,17.931,3.51,-29.14,-13.07,31.61,12154.00,Active,1,1
10:4:25 - 27/11/2024,17.967,3.51,-29.14,-13.07,31.61,12201.00,Active,1,1
10:4:25 - 27/11/2024,18.052,3.51,-29.01,-13.55,31.91,12307.00,Active,1,1
10:4:25 - 27/11/2024,18.172,3.51,-28.91,-14.08,27.96,12438.00,Active,1,1
10:4:25 - 27/11/2024,18.293,3.53,-28.75,-14.86,24.22,12554.00,Active,1,1
10:4:25 - 27/11/2024,18.420,3.40,-28.50,-15.52,23.18,12670.00,Active,1,1
10:4:25 - 27/11/2024,18.498,3.40,-28.32,-15.94,23.18,12740.00,Active,1,1
10:4:25 - 27/11/2024,18.622,3.43,-28.32,-15.94,22.77,12851.00,Active,1,1
10:4:25 - 27/11/2024,18.741,3.44,-28.19,-16.50,22.37,12958.00,Active,1,1
10:4:25 - 27/11/2024,18.906,3.44,-28.19,-16.50,22.58,13108.00,Active,1,1
10:4:25 - 27/11/2024,18.951,3.45,-28.19,-16.50,22.58,13148.00,Active,1,1
10:4:25 - 27/11/2024,19.067,3.46,-28.33,-16.45,22.99,13255.00,Active,1,1
10:4:25 - 27/11/2024,19.147,3.46,-28.41,-16.34,22.97,13329.00,Active,1,1
10:4:25 - 27/11/2024,19.248,3.48,-28.49,-16.11,23.60,13436.00,Active,1,1
10:4:25 - 27/11/2024,19.402,3.47,-28.60,-15.78,27.00,13592.00,Active,1,1
10:4:25 - 27/11/2024,19.471,3.47,-28.73,-15.31,27.00,13664.00,Active,1,1
10:4:25 - 27/11/2024,19.600,3.53,-28.85,-14.52,26.78,13791.00,Active,1,1
10:4:25 - 27/11/2024,19.717,3.45,-28.95,-13.65,24.43,13904.00,Active,1,1
10:4:25 - 27/11/2024,19.922,3.43,-29.02,-13.00,26.08,14121.00,Active,1,1
10:4:25 - 27/11/2024,19.997,3.43,-29.02,-13.00,27.92,14206.00,Active,1,1
10:4:25 - 27/11/2024,20.041,3.43,-29.12,-12.78,27.92,14259.00,Active,1,1
10:4:25 - 27/11/2024,20.162,3.43,-29.15,-12.92,30.63,14412.00,Active,1,1
10:4:25 - 27/11/2024,20.248,3.48,-29.13,-13.14,33.05,14530.00,Active,1,1
10:4:25 - 27/11/2024,20.364,3.52,-29.02,-13.56,33.05,14677.00,Active,1,1
10:4:25 - 27/11/2024,20.486,3.52,-28.93,-14.12,26.68,14802.00,Active,1,1
10:4:25 - 27/11/2024,20.575,3.52,-28.79,-14.96,26.68,14873.00,Active,1,1
10:4:25 - 27/11/2024,20.688,3.29,-28.59,-15.57,20.36,14954.00,Active,1,1
10:4:25 - 27/11/2024,20.810,3.29,-28.41,-15.90,17.74,15046.00,Active,1,1
10:4:25 - 27/11/2024,20.974,3.38,-28.41,-15.90,22.14,15191.00,Active,1,1
10:4:25 - 27/11/2024,21.011,3.38,-28.21,-16.32,22.14,15226.00,Active,1,1
10:4:25 - 27/11/2024,21.135,3.38,-28.18,-16.46,25.04,15358.00,Active,1,1
10:4:25 - 27/11/2024,21.260,3.38,-28.24,-16.53,27.53,15499.00,Active,1,1
10:4:25 - 27/11/2024,21.338,3.54,-28.34,-16.51,29.15,15593.00,Active,1,1
10:4:25 - 27/11/2024,21.458,3.54,-28.41,-16.48,30.79,15741.00,Active,1,1
10:4:25 - 27/11/2024,21.578,3.54,-28.45,-16.40,30.17,15885.00,Active,1,1
10:4:25 - 27/11/2024,21.671,3.47,-28.65,-15.53,30.17,15982.00,Active,1,1
10:4:25 - 27/11/2024,21.781,3.47,-28.65,-15.53,26.46,16083.00,Active,1,1
10:4:25 - 27/11/2024,21.947,3.47,-28.65,-15.53,22.35,16230.00,Active,1,1
10:4:25 - 27/11/2024,21.992,3.31,-28.99,-12.82,22.35,16271.00,Active,1,1
10:4:25 - 27/11/2024,22.109,3.37,-29.05,-12.43,23.19,16384.00,Active,1,1
10:4:25 - 27/11/2024,22.227,3.37,-29.13,-12.42,25.45,16512.00,Active,1,1
10:4:25 - 27/11/2024,22.312,3.37,-29.15,-12.54,27.09,16604.00,Active,1,1
10:4:25 - 27/11/2024,22.431,3.37,-29.15,-12.67,28.74,16744.00,Active,1,1
10:4:25 - 27/11/2024,22.555,3.37,-29.12,-12.83,32.43,16907.00,Active,1,1
10:4:25 - 27/11/2024,22.685,3.57,-29.12,-12.83,34.22,17080.00,Active,1,1
10:4:25 - 27/11/2024,22.755,3.57,-29.00,-13.35,34.22,17165.00,Active,1,1
10:4:25 - 27/11/2024,22.923,3.47,-29.00,-13.35,27.71,17351.00,Active,1,1
10:4:25 - 27/11/2024,22.997,3.47,-29.00,-13.35,27.71,17429.00,Active,1,1
10:4:25 - 27/11/2024,23.076,3.47,-28.41,-15.81,26.07,17506.00,Active,1,1
10:4:25 - 27/11/2024,23.203,3.47,-28.22,-16.17,24.43,17630.00,Active,1,1
10:4:25 - 27/11/2024,23.330,3.47,-28.03,-16.41,24.63,17754.00,Active,1,1
10:4:25 - 27/11/2024,23.407,3.47,-28.06,-16.52,24.62,17830.00,Active,1,1
10:4:25 - 27/11/2024,23.529,3.54,-28.18,-16.51,24.84,17951.00,Active,1,1
10:4:25 - 27/11/2024,23.652,3.57,-28.22,-16.47,25.04,18074.00,Active,1,1
10:4:25 - 27/11/2024,23.771,3.61,-28.22,-16.47,24.43,18190.00,Active,2,2
10:4:25 - 27/11/2024,23.950,3.62,-28.22,-16.47,24.66,18355.00,Active,2,2
10:4:25 - 27/11/2024,23.981,3.62,-28.58,-15.54,24.66,18376.00,Active,2,2
10:4:25 - 27/11/2024,24.052,3.62,-28.75,-14.94,19.11,18431.00,Active,2,2
10:4:25 - 27/11/2024,24.176,3.75,-28.96,-14.16,19.82,18527.00,Active,2,2
10:4:25 - 27/11/2024,24.298,3.75,-29.01,-13.40,18.83,18617.00,Active,2,2
10:4:25 - 27/11/2024,24.418,4.53,-29.06,-12.89,18.88,18711.00,Active,2,2
10:4:25 - 27/11/2024,24.501,4.53,-29.10,-12.62,20.32,18781.00,Active,2,2
10:4:25 - 27/11/2024,24.625,4.53,-29.13,-12.52,22.78,18896.00,Active,2,2
10:4:25 - 27/11/2024,24.744,4.53,-29.15,-12.57,24.21,19010.00,Active,2,2
10:4:25 - 27/11/2024,24.904,4.53,-29.15,-12.68,22.78,19155.00,Active,2,2
10:4:25 - 27/11/2024,24.953,4.98,-29.15,-12.68,22.78,19197.00,Active,2,2
10:4:25 - 27/11/2024,25.071,4.89,-29.07,-13.23,21.76,19291.00,Active,2,2
10:4:25 - 27/11/2024,25.190,4.89,-29.03,-13.67,20.07,19383.00,Active,2,2
10:4:25 - 27/11/2024,25.278,4.69,-28.94,-14.20,19.29,19457.00,Active,2,2
10:4:25 - 27/11/2024,25.395,4.69,-28.87,-14.78,21.76,19565.00,Active,2,2
10:4:25 - 27/11/2024,25.474,4.69,-28.77,-15.30,23.80,19641.00,Active,2,2
10:4:25 - 27/11/2024,25.595,4.69,-28.61,-15.74,24.22,19758.00,Active,2,2
10:4:25 - 27/11/2024,25.716,1.14,-28.40,-16.08,23.60,19871.00,Active,2,2
10:4:25 - 27/11/2024,25.907,1.14,-28.20,-16.34,22.56,20037.00,Active,2,2
10:4:25 - 27/11/2024,25.942,1.14,-28.20,-16.34,21.37,20067.00,Active,2,2
10:4:25 - 27/11/2024,26.066,4.84,-28.10,-16.57,21.55,20176.00,Active,2,2
10:4:25 - 27/11/2024,26.144,4.84,-28.18,-16.56,21.55,20248.00,Active,2,2
10:4:25 - 27/11/2024,26.269,4.84,-28.23,-16.53,22.94,20361.00,Active,2,2
10:4:25 - 27/11/2024,26.390,4.84,-28.34,-16.49,22.97,20470.00,Active,2,2
10:4:25 - 27/11/2024,26.468,4.84,-28.42,-16.40,22.37,20539.00,Active,2,2
10:4:25 - 27/11/2024,26.593,4.84,-28.68,-15.85,21.96,20647.00,Active,2,2
10:4:25 - 27/11/2024,26.717,4.82,-28.68,-15.85,22.14,20764.00,Active,2,2
10:4:25 - 27/11/2024,26.911,4.78,-28.80,-15.40,27.71,20977.00,Active,2,2
10:4:25 - 27/11/2024,26.965,4.78,-28.80,-15.40,27.71,21033.00,Active,2,2
10:4:25 - 27/11/2024,27.038,4.78,-28.80,-15.40,25.25,21104.00,Active,2,2
10:4:25 - 27/11/2024,27.120,4.78,-29.09,-12.57,25.25,21182.00,Active,2,2
10:4:25 - 27/11/2024,27.243,5.01,-29.17,-12.46,24.01,21300.00,Active,2,2
10:4:25 - 27/11/2024,27.368,5.00,-29.17,-12.54,24.02,21421.00,Active,2,2
10:4:25 - 27/11/2024,27.483,5.00,-29.16,-12.67,24.63,21532.00,Active,2,2
10:4:25 - 27/11/2024,27.564,5.00,-29.13,-12.83,24.02,21606.00,Active,2,2
10:4:25 - 27/11/2024,27.686,5.00,-29.08,-13.08,21.14,21700.00,Active,2,2
10:4:25 - 27/11/2024,27.806,4.99,-29.04,-13.53,17.97,21782.00,Active,2,2
10:4:25 - 27/11/2024,27.970,4.99,-29.04,-13.53,17.11,21902.00,Active,2,2
10:4:25 - 27/11/2024,28.011,4.99,-29.04,-13.53,19.25,21937.00,Active,2,2
10:4:25 - 27/11/2024,28.133,4.42,-29.04,-13.53,23.39,22053.00,Active,2,2
10:4:25 - 27/11/2024,28.216,4.42,-28.71,-15.81,23.39,22138.00,Active,2,2
10:4:25 - 27/11/2024,28.336,4.42,-28.31,-16.15,25.25,22250.00,Active,2,2
10:4:25 - 27/11/2024,28.456,5.09,-28.31,-16.15,23.19,22356.00,Active,2,2
10:4:25 - 27/11/2024,28.541,5.09,-28.11,-16.49,21.55,22427.00,Active,2,2
10:4:25 - 27/11/2024,28.668,4.75,-28.19,-16.53,20.73,22529.00,Active,2,2
10:4:25 - 27/11/2024,28.782,4.67,-28.28,-16.52,19.91,22621.00,Active,2,2
10:4:25 - 27/11/2024,28.942,4.67,-28.28,-16.52,20.45,22750.00,Active,2,2
10:4:25 - 27/11/2024,28.987,4.67,-28.28,-16.52,20.32,22787.00,Active,2,2
10:4:25 - 27/11/2024,29.112,4.66,-28.44,-16.38,19.91,22884.00,Active,2,2
10:4:25 - 27/11/2024,29.232,4.66,-28.49,-16.24,18.88,22976.00,Active,2,2
10:4:25 - 27/11/2024,29.309,4.66,-28.57,-16.02,18.88,23040.00,Active,2,2
10:4:25 - 27/11/2024,29.433,4.55,-28.79,-15.69,20.53,23151.00,Active,2,2
10:4:25 - 27/11/2024,29.552,4.55,-28.88,-15.21,22.37,23262.00,Active,2,2
10:4:25 - 27/11/2024,29.633,4.55,-28.95,-14.55,24.00,23341.00,Active,2,2
10:4:25 - 27/11/2024,29.761,5.04,-29.01,-13.74,24.84,23471.00,Active,2,2
10:4:25 - 27/11/2024,29.915,5.04,-29.01,-13.74,25.46,23626.00,Active,2,2
10:4:25 - 27/11/2024,29.962,5.04,-29.16,-12.40,25.04,23672.00,Active,2,2
10:4:25 - 27/11/2024,30.085,5.20,-29.18,-12.53,24.43,23793.00,Active,2,2
10:4:25 - 27/11/2024,30.201,5.20,-29.17,-12.67,24.83,23908.00,Active,2,2
10:4:25 - 27/11/2024,30.330,5.12,-29.11,-12.87,25.04,24036.00,Active,2,2
10:4:25 - 27/11/2024,30.410,5.12,-29.06,-13.14,25.04,24111.00,Active,2,2
10:4:25 - 27/11/2024,30.525,5.12,-29.01,-13.55,23.39,24206.00,Active,2,2
10:4:25 - 27/11/2024,30.647,5.12,-28.94,-14.18,20.73,24309.00,Active,2,2
10:4:25 - 27/11/2024,30.728,5.12,-28.87,-14.82,21.35,24380.00,Active,2,2
10:4:25 - 27/11/2024,30.933,4.77,-28.87,-14.82,21.65,24556.00,Active,2,2
10:4:25 - 27/11/2024,30.969,4.77,-28.87,-14.82,21.65,24587.00,Active,2,2
10:4:25 - 27/11/2024,31.095,4.79,-28.39,-16.09,20.94,24693.00,Active,2,2
10:4:25 - 27/11/2024,31.173,4.79,-28.18,-16.31,21.55,24761.00,Active,2,2
10:4:25 - 27/11/2024,31.297,4.79,-28.04,-16.43,22.14,24870.00,Active,2,2
10:4:25 - 27/11/2024,31.378,4.79,-28.06,-16.49,22.14,24939.00,Active,2,2
10:4:25 - 27/11/2024,31.499,4.80,-28.29,-16.48,21.55,25036.00,Active,2,2
10:4:25 - 27/11/2024,31.629,4.72,-28.33,-16.46,19.70,25137.00,Active,2,2
10:4:25 - 27/11/2024,31.752,4.62,-28.37,-16.41,19.34,25225.00,Active,2,2
10:4:25 - 27/11/2024,31.903,4.62,-28.37,-16.41,18.99,25343.00,Active,2,2
10:4:25 - 27/11/2024,31.945,4.62,-28.37,-16.41,18.99,25381.00,Active,2,2
10:4:25 - 27/11/2024,32.087,4.63,-28.63,-15.89,24.22,25537.00,Active,2,2
10:4:25 - 27/11/2024,32.170,4.95,-28.76,-15.44,29.19,25636.00,Active,2,2
10:4:25 - 27/11/2024,32.270,4.95,-28.87,-14.69,28.89,25747.00,Active,2,2
10:4:25 - 27/11/2024,32.392,4.95,-28.97,-13.66,26.90,25877.00,Active,2,2
10:4:25 - 27/11/2024,32.519,5.39,-29.10,-12.71,26.89,26014.00,Active,2,2
10:4:25 - 27/11/2024,32.594,5.39,-29.14,-12.29,26.89,26094.00,Active,2,2
10:4:25 - 27/11/2024,32.718,5.34,-29.17,-12.37,26.27,26220.00,Active,2,2
10:4:25 - 27/11/2024,32.877,5.30,-29.17,-12.53,24.83,26378.00,Active,2,2
10:4:25 - 27/11/2024,32.959,5.30,-29.17,-12.53,24.83,26455.00,Active,2,2
10:4:25 - 27/11/2024,33.040,5.30,-29.11,-12.86,23.60,26526.00,Active,2,2
10:4:25 - 27/11/2024,33.167,5.05,-29.06,-13.18,21.32,26634.00,Active,2,2
10:4:25 - 27/11/2024,33.244,5.05,-28.96,-14.46,22.17,26704.00,Active,2,2
10:4:25 - 27/11/2024,33.373,5.05,-28.80,-15.08,23.60,26826.00,Active,2,2
10:4:25 - 27/11/2024,33.488,4.94,-28.66,-15.59,23.83,26937.00,Active,2,2
10:4:25 - 27/11/2024,33.569,5.04,-28.46,-15.98,23.83,27013.00,Active,2,2
10:4:25 - 27/11/2024,33.688,5.04,-28.25,-16.26,23.58,27123.00,Active,2,2
10:4:25 - 27/11/2024,33.893,4.97,-28.09,-16.44,22.78,27308.00,Active,2,2
10:4:25 - 27/11/2024,33.973,4.97,-28.09,-16.44,21.76,27377.00,Active,2,2
10:4:25 - 27/11/2024,34.015,4.97,-28.11,-16.56,21.76,27413.00,Active,2,2
10:4:25 - 27/11/2024,34.138,4.97,-28.17,-16.54,21.35,27520.00,Active,2,2
10:4:25 - 27/11/2024,34.257,4.84,-28.21,-16.51,21.96,27625.00,Active,2,2
10:4:25 - 27/11/2024,34.337,4.84,-28.24,-16.44,21.35,27692.00,Active,2,2
10:4:25 - 27/11/2024,34.460,4.89,-28.30,-16.30,20.28,27790.00,Active,2,2
10:4:25 - 27/11/2024,34.577,4.89,-28.62,-16.04,21.32,27890.00,Active,2,2
10:4:25 - 27/11/2024,34.674,4.84,-28.86,-15.24,21.32,27977.00,Active,2,2
10:4:25 - 27/11/2024,34.784,4.84,-28.93,-14.59,22.28,28077.00,Active,2,2
10:4:25 - 27/11/2024,34.946,5.06,-28.93,-14.59,23.60,28232.00,Active,2,2
10:4:25 - 27/11/2024,35.025,5.06,-28.93,-14.59,23.60,28310.00,Active,2,2
10:4:25 - 27/11/2024,35.116,5.20,-29.11,-12.66,24.63,28401.00,Active,2,2
10:4:25 - 27/11/2024,35.229,5.20,-29.15,-12.57,24.83,28511.00,Active,2,2
10:4:25 - 27/11/2024,35.314,5.20,-29.17,-12.65,24.02,28590.00,Active,2,2
10:4:25 - 27/11/2024,35.434,5.20,-29.17,-12.74,22.35,28695.00,Active,2,2
10:4:25 - 27/11/2024,35.555,5.25,-29.12,-12.80,21.55,28800.00,Active,2,2
10:4:25 - 27/11/2024,35.636,5.25,-29.08,-12.92,21.55,28867.00,Active,2,2
10:4:25 - 27/11/2024,35.755,5.00,-29.04,-13.26,20.73,28964.00,Active,2,2
10:4:25 - 27/11/2024,35.963,4.83,-29.04,-13.26,21.73,29146.00,Active,2,2
10:4:25 - 27/11/2024,36.007,4.87,-29.04,-13.26,21.73,29187.00,Active,2,2
10:4:25 - 27/11/2024,36.082,4.87,-28.89,-14.92,22.99,29258.00,Active,2,2
10:4:25 - 27/11/2024,36.207,4.96,-28.80,-15.43,24.21,29381.00,Active,2,2
10:4:25 - 27/11/2024,36.325,4.96,-28.66,-15.85,24.63,29497.00,Active,2,2
10:4:25 - 27/11/2024,36.407,4.96,-27.99,-16.43,24.84,29578.00,Active,2,2
10:4:25 - 27/11/2024,36.530,4.96,-27.89,-16.57,23.40,29692.00,Active,2,2
10:4:25 - 27/11/2024,36.650,4.96,-27.95,-16.60,22.35,29799.00,Active,2,2
10:4:25 - 27/11/2024,36.731,4.98,-28.04,-16.58,22.35,29873.00,Active,2,2
10:4:25 - 27/11/2024,36.934,4.85,-28.04,-16.58,21.35,30043.00,Active,2,2
10:4:25 - 27/11/2024,36.978,4.85,-28.21,-16.47,21.35,30076.00,Active,2,2
10:4:25 - 27/11/2024,37.056,4.85,-28.31,-16.32,19.45,30135.00,Active,2,2
10:4:25 - 27/11/2024,37.184,4.85,-28.45,-16.10,19.50,30243.00,Active,2,2
10:4:25 - 27/11/2024,37.300,4.85,-28.61,-15.79,21.96,30346.00,Active,2,2
10:4:25 - 27/11/2024,37.424,4.85,-28.76,-15.33,22.97,30460.00,Active,2,2
10:4:25 - 27/11/2024,37.504,4.85,-28.87,-14.65,22.78,30535.00,Active,2,2
10:4:25 - 27/11/2024,37.623,4.85,-29.01,-13.80,22.99,30645.00,Active,2,2
10:4:25 - 27/11/2024,37.749,4.96,-29.07,-12.99,23.81,30765.00,Active,2,2
10:4:25 - 27/11/2024,37.918,4.99,-29.07,-12.99,25.25,30936.00,Active,2,2
10:4:25 - 27/11/2024,37.951,4.99,-29.07,-12.99,25.25,30970.00,Active,2,2
10:4:25 - 27/11/2024,38.070,4.99,-29.18,-12.50,25.66,31084.00,Active,2,2
10:4:25 - 27/11/2024,38.155,5.17,-29.14,-12.74,23.60,31160.00,Active,2,2
10:4:25 - 27/11/2024,38.270,5.08,-29.10,-12.85,22.17,31261.00,Active,2,2
10:4:25 - 27/11/2024,38.395,5.08,-29.07,-13.11,20.94,31363.00,Active,2,2
10:4:25 - 27/11/2024,38.514,5.08,-29.07,-13.11,20.94,31469.00,Active,2,2
10:4:25 - 27/11/2024,38.597,4.84,-28.93,-14.30,23.82,31550.00,Active,2,2
10:4:25 - 27/11/2024,38.719,4.84,-28.84,-14.97,25.04,31670.00,Active,2,2
10:4:25 - 27/11/2024,38.891,5.15,-28.71,-15.54,23.81,31834.00,Active,2,2
10:4:25 - 27/11/2024,38.966,5.15,-28.71,-15.54,23.48,31904.00,Active,2,2
10:4:25 - 27/11/2024,39.044,5.15,-28.28,-16.26,23.48,31978.00,Active,2,2
10:4:25 - 27/11/2024,39.162,5.15,-28.07,-16.47,23.75,32089.00,Active,2,2
10:4:25 - 27/11/2024,39.254,5.00,-27.96,-16.58,23.19,32170.00,Active,2,2
10:4:25 - 27/11/2024,39.366,4.97,-27.99,-16.59,21.55,32264.00,Active,2,2
10:4:25 - 27/11/2024,39.490,4.97,-28.06,-16.57,21.29,32367.00,Active,2,2
10:4:25 - 27/11/2024,39.612,4.97,-28.20,-16.54,20.53,32465.00,Active,2,2
10:4:25 - 27/11/2024,39.689,4.75,-28.39,-16.32,19.50,32524.00,Active,2,2
10:4:25 - 27/11/2024,39.909,4.59,-28.39,-16.32,18.88,32700.00,Active,2,2
10:4:25 - 27/11/2024,39.975,4.59,-28.39,-16.32,21.16,32758.00,Active,2,2
10:4:25 - 27/11/2024,40.016,4.59,-28.83,-15.26,21.16,32797.00,Active,2,2
10:4:25 - 27/11/2024,40.139,4.59,-28.92,-14.59,22.65,32918.00,Active,2,2
10:4:25 - 27/11/2024,40.258,4.59,-28.99,-13.75,25.25,33043.00,Active,2,2
10:4:25 - 27/11/2024,40.339,4.59,-29.05,-12.91,26.49,33129.00,Active,2,2
10:4:25 - 27/11/2024,40.463,4.59,-29.10,-12.37,26.48,33259.00,Active,2,2
10:4:25 - 27/11/2024,40.585,4.59,-29.15,-12.35,26.27,33387.00,Active,2,2
10:4:25 - 27/11/2024,40.666,5.32,-29.18,-12.53,25.24,33466.00,Active,2,2
10:4:25 - 27/11/2024,40.909,5.23,-29.18,-12.53,19.87,33666.00,Active,2,2
10:4:25 - 27/11/2024,40.948,5.23,-29.18,-12.53,19.87,33692.00,Active,2,2
10:4:25 - 27/11/2024,41.036,5.23,-29.18,-12.53,16.83,33750.00,Active,2,2
10:4:25 - 27/11/2024,41.111,5.23,-29.03,-13.23,16.83,33805.00,Active,3,3
10:4:25 - 27/11/2024,41.243,4.71,-28.95,-14.43,18.42,33918.00,Active,3,3
10:4:25 - 27/11/2024,41.357,4.73,-28.95,-14.43,21.64,34023.00,Active,3,3
10:4:25 - 27/11/2024,41.437,4.73,-28.83,-15.49,23.15,34099.00,Active,3,3
10:4:25 - 27/11/2024,41.565,5.01,-28.71,-15.89,24.21,34223.00,Active,3,3
10:4:25 - 27/11/2024,41.679,5.01,-28.35,-16.20,24.43,34338.00,Active,3,3
10:4:25 - 27/11/2024,41.762,5.01,-28.16,-16.41,25.25,34421.00,Active,3,3
10:4:25 - 27/11/2024,41.924,5.01,-28.16,-16.41,24.84,34580.00,Active,3,3
10:4:25 - 27/11/2024,42.007,5.01,-28.16,-16.41,23.59,34654.00,Active,3,3
10:4:25 - 27/11/2024,42.085,5.01,-28.11,-16.54,23.59,34723.00,Active,3,3
10:4:25 - 27/11/2024,42.213,4.88,-28.21,-16.50,21.76,34833.00,Active,3,3
10:4:25 - 27/11/2024,42.347,4.88,-28.31,-16.42,21.52,34939.00,Active,3,3
10:4:25 - 27/11/2024,42.409,4.88,-28.41,-16.26,19.62,34988.00,Active,3,3
10:4:25 - 27/11/2024,42.529,4.71,-28.54,-15.98,19.45,35080.00,Active,3,3
10:4:25 - 27/11/2024,42.658,4.60,-28.89,-15.13,19.66,35186.00,Active,3,3
10:4:25 - 27/11/2024,42.735,4.60,-28.89,-15.13,21.70,35255.00,Active,3,3
10:4:25 - 27/11/2024,42.947,4.90,-28.89,-15.13,22.99,35453.00,Active,3,3
10:4:25 - 27/11/2024,42.983,4.90,-29.06,-13.12,23.64,35486.00,Active,3,3
10:4:25 - 27/11/2024,43.099,4.97,-29.06,-13.12,23.77,35597.00,Active,3,3
10:4:25 - 27/11/2024,43.179,4.97,-29.15,-12.53,23.77,35677.00,Active,3,3
10:4:25 - 27/11/2024,43.304,5.01,-29.18,-12.61,24.84,35801.00,Active,3,3
10:4:25 - 27/11/2024,43.423,5.03,-29.18,-12.75,24.43,35913.00,Active,3,3
10:4:25 - 27/11/2024,43.506,5.03,-29.15,-12.90,23.60,35990.00,Active,3,3
10:4:25 - 27/11/2024,43.632,5.01,-29.12,-13.03,22.56,36097.00,Active,3,3
10:4:25 - 27/11/2024,43.749,5.01,-29.03,-13.32,20.90,36194.00,Active,3,3
10:4:25 - 27/11/2024,43.911,5.01,-29.03,-13.32,21.55,36340.00,Active,3,3
10:4:25 - 27/11/2024,43.958,4.80,-28.93,-14.51,22.78,36384.00,Active,3,3
10:4:25 - 27/11/2024,44.072,4.80,-28.86,-15.10,23.60,36493.00,Active,3,3
10:4:25 - 27/11/2024,44.192,4.80,-28.76,-15.59,23.81,36607.00,Active,3,3
10:4:25 - 27/11/2024,44.275,4.80,-28.46,-16.25,23.81,36685.00,Active,3,3
10:4:25 - 27/11/2024,44.397,4.99,-28.28,-16.44,23.40,36795.00,Active,3,3
10:4:25 - 27/11/2024,44.519,4.99,-28.28,-16.44,22.75,36901.00,Active,3,3
10:4:25 - 27/11/2024,44.606,4.85,-28.17,-16.55,21.76,36975.00,Active,3,3
10:4:25 - 27/11/2024,44.723,4.79,-28.26,-16.54,20.67,37068.00,Active,3,3
10:4:25 - 27/11/2024,44.881,4.79,-28.26,-16.54,19.95,37192.00,Active,3,3
10:4:25 - 27/11/2024,44.964,4.79,-28.26,-16.54,19.09,37255.00,Active,3,3
10:4:25 - 27/11/2024,45.045,4.64,-28.40,-16.36,19.45,37318.00,Active,3,3
10:4:25 - 27/11/2024,45.171,4.64,-28.51,-16.17,20.12,37421.00,Active,3,3
10:4:25 - 27/11/2024,45.249,4.64,-28.65,-15.87,20.12,37491.00,Active,3,3
10:4:25 - 27/11/2024,45.372,4.74,-28.78,-15.45,22.35,37607.00,Active,3,3
10:4:25 - 27/11/2024,45.493,4.86,-28.88,-14.85,23.81,37728.00,Active,3,3
10:4:25 - 27/11/2024,45.621,5.07,-28.96,-14.06,25.25,37862.00,Active,3,3
10:4:25 - 27/11/2024,45.696,5.07,-29.08,-13.22,26.07,37939.00,Active,3,3
10:4:25 - 27/11/2024,45.910,5.24,-29.08,-13.22,23.81,38144.00,Active,3,3
10:4:25 - 27/11/2024,45.944,5.24,-29.08,-13.22,23.81,38174.00,Active,3,3
10:4:25 - 27/11/2024,46.021,5.24,-29.18,-12.73,22.56,38241.00,Active,3,3
10:4:25 - 27/11/2024,46.140,5.24,-29.15,-12.87,20.73,38338.00,Active,3,3
10:4:25 - 27/11/2024,46.264,5.24,-29.12,-12.99,20.12,38437.00,Active,3,3
10:4:25 - 27/11/2024,46.342,5.24,-29.08,-13.17,20.12,38497.00,Active,3,3
10:4:25 - 27/11/2024,46.468,5.24,-29.04,-13.60,19.09,38596.00,Active,3,3
10:4:25 - 27/11/2024,46.588,4.84,-29.00,-14.23,20.07,38702.00,Active,3,3
10:4:25 - 27/11/2024,46.684,4.82,-28.95,-14.84,21.96,38790.00,Active,3,3
10:4:25 - 27/11/2024,46.873,4.82,-28.80,-15.37,25.46,38979.00,Active,3,3
10:4:25 - 27/11/2024,46.912,4.82,-28.80,-15.37,25.46,39019.00,Active,3,3
10:4:25 - 27/11/2024,47.039,5.08,-28.52,-16.15,25.25,39147.00,Active,3,3
10:4:25 - 27/11/2024,47.113,5.08,-28.35,-16.40,25.25,39221.00,Active,3,3
10:4:25 - 27/11/2024,47.237,5.08,-28.24,-16.56,24.01,39337.00,Active,3,3
10:4:25 - 27/11/2024,47.356,5.02,-28.25,-16.61,22.58,39445.00,Active,3,3
10:4:25 - 27/11/2024,47.452,5.02,-28.29,-16.59,22.58,39527.00,Active,3,3
10:4:25 - 27/11/2024,47.560,5.02,-28.29,-16.59,21.72,39617.00,Active,3,3
10:4:25 - 27/11/2024,47.692,4.84,-28.38,-16.49,20.51,39719.00,Active,3,3
10:4:25 - 27/11/2024,47.883,4.84,-28.45,-16.33,18.78,39867.00,Active,3,3
10:4:25 - 27/11/2024,47.928,4.84,-28.45,-16.33,18.78,39904.00,Active,3,3
10:4:25 - 27/11/2024,48.007,4.55,-28.86,-15.29,20.70,39972.00,Active,3,3
10:4:25 - 27/11/2024,48.126,4.55,-28.86,-15.29,21.96,40081.00,Active,3,3
10:4:25 - 27/11/2024,48.209,4.55,-29.00,-13.97,23.60,40160.00,Active,3,3
10:4:25 - 27/11/2024,48.337,4.89,-29.06,-13.22,23.81,40284.00,Active,3,3
10:4:25 - 27/11/2024,48.453,5.00,-29.11,-12.73,24.63,40398.00,Active,3,3
10:4:25 - 27/11/2024,48.533,5.00,-29.15,-12.61,24.63,40477.00,Active,3,3
10:4:25 - 27/11/2024,48.634,5.00,-29.18,-12.69,25.04,40588.00,Active,3,3
10:4:25 - 27/11/2024,48.776,5.00,-29.18,-12.84,24.42,40715.00,Active,3,3
10:4:25 - 27/11/2024,48.940,5.00,-29.18,-12.84,23.60,40869.00,Active,3,3
10:4:25 - 27/11/2024,48.980,5.00,-29.11,-13.07,23.60,40903.00,Active,3,3
10:4:25 - 27/11/2024,49.106,4.99,-29.06,-13.29,21.35,41012.00,Active,3,3
10:4:25 - 27/11/2024,49.183,4.99,-29.01,-13.88,21.96,41079.00,Active,3,3
10:4:25 - 27/11/2024,49.305,4.99,-28.91,-15.15,22.37,41189.00,Active,3,3
10:4:25 - 27/11/2024,49.429,4.85,-28.91,-15.15,23.41,41304.00,Active,3,3
10:4:25 - 27/11/2024,49.514,4.88,-28.73,-15.97,23.41,41382.00,Active,3,3
10:4:25 - 27/11/2024,49.631,4.91,-28.58,-16.25,23.15,41492.00,Active,3,3
10:4:25 - 27/11/2024,49.757,4.92,-28.40,-16.45,23.60,41614.00,Active,3,3
10:4:25 - 27/11/2024,49.910,4.94,-28.40,-16.45,24.22,41762.00,Active,3,3
10:4:25 - 27/11/2024,49.958,4.94,-28.17,-16.56,24.22,41810.00,Active,3,3
10:4:25 - 27/11/2024,50.084,5.00,-28.17,-16.53,25.04,41934.00,Active,3,3
10:4:25 - 27/11/2024,50.198,5.00,-28.20,-16.49,24.01,42035.00,Active,3,3
10:4:25 - 27/11/2024,50.278,5.00,-28.30,-16.39,20.73,42099.00,Active,3,3
10:4:25 - 27/11/2024,50.409,4.84,-28.47,-16.19,19.48,42201.00,Active,3,3
10:4:25 - 27/11/2024,50.523,4.84,-28.65,-15.88,20.80,42298.00,Active,3,3
10:4:25 - 27/11/2024,50.644,4.84,-28.79,-15.47,23.40,42415.00,Active,3,3
10:4:25 - 27/11/2024,50.724,4.84,-28.88,-14.92,23.40,42496.00,Active,3,3
10:4:25 - 27/11/2024,50.886,4.90,-28.88,-14.92,26.27,42667.00,Active,3,3
10:4:25 - 27/11/2024,50.966,4.90,-28.88,-14.92,26.27,42751.00,Active,3,3
10:4:25 - 27/11/2024,51.055,5.22,-29.18,-12.47,26.70,42846.00,Active,3,3
10:4:25 - 27/11/2024,51.173,5.25,-29.20,-12.55,26.48,42969.00,Active,3,3
10:4:25 - 27/11/2024,51.293,5.25,-29.19,-12.72,25.66,43088.00,Active,3,3
10:4:25 - 27/11/2024,51.380,5.24,-29.16,-12.95,24.43,43173.00,Active,3,3
10:4:25 - 27/11/2024,51.495,5.18,-29.12,-13.20,24.21,43282.00,Active,3,3
10:4:25 - 27/11/2024,51.617,5.18,-29.08,-13.50,22.37,43391.00,Active,3,3
10:4:25 - 27/11/2024,51.709,5.02,-29.03,-14.00,22.37,43476.00,Active,3,3
10:4:25 - 27/11/2024,51.862,5.02,-29.03,-14.00,24.61,43625.00,Active,3,3
10:4:25 - 27/11/2024,51.943,5.02,-28.84,-15.25,24.61,43704.00,Active,3,3
10:4:25 - 27/11/2024,52.023,5.02,-28.73,-15.73,24.63,43785.00,Active,3,3
10:4:25 - 27/11/2024,52.153,5.05,-28.57,-16.10,25.66,43919.00,Active,3,3
10:4:25 - 27/11/2024,52.265,5.05,-28.40,-16.37,25.46,44027.00,Active,3,3
10:4:25 - 27/11/2024,52.386,5.16,-28.27,-16.55,23.19,44136.00,Active,3,3
10:4:25 - 27/11/2024,52.463,5.16,-28.23,-16.59,21.96,44204.00,Active,3,3
10:4:25 - 27/11/2024,52.592,5.16,-28.28,-16.56,22.14,44317.00,Active,3,3
10:4:25 - 27/11/2024,52.710,5.16,-28.28,-16.56,22.37,44423.00,Active,3,3
10:4:25 - 27/11/2024,52.877,4.85,-28.28,-16.56,22.04,44566.00,Active,3,3
10:4:25 - 27/11/2024,52.913,4.85,-28.28,-16.56,22.04,44596.00,Active,3,3
10:4:25 - 27/11/2024,53.036,4.85,-28.76,-15.77,20.80,44699.00,Active,3,3
10:4:25 - 27/11/2024,53.127,4.77,-28.86,-15.29,20.94,44776.00,Active,3,3
10:4:25 - 27/11/2024,53.239,4.77,-28.93,-14.67,21.76,44877.00,Active,3,3
10:4:25 - 27/11/2024,53.363,4.77,-29.00,-13.94,22.58,44992.00,Active,3,3
10:4:25 - 27/11/2024,53.483,4.77,-29.05,-13.22,24.01,45108.00,Active,3,3
10:4:25 - 27/11/2024,53.562,4.77,-29.11,-12.70,25.04,45188.00,Active,3,3
10:4:25 - 27/11/2024,53.685,4.77,-29.15,-12.57,25.25,45312.00,Active,3,3
10:4:25 - 27/11/2024,53.845,5.09,-29.15,-12.57,25.04,45471.00,Active,3,3
10:4:25 - 27/11/2024,53.926,5.09,-29.15,-12.57,23.81,45547.00,Active,3,3
10:4:25 - 27/11/2024,54.010,5.17,-29.11,-13.20,23.81,45624.00,Active,3,3
10:4:25 - 27/11/2024,54.131,5.09,-29.11,-13.20,22.99,45728.00,Active,3,3
10:4:25 - 27/11/2024,54.212,5.00,-29.02,-13.98,20.94,45796.00,Active,3,3
10:4:25 - 27/11/2024,54.337,5.00,-28.96,-14.58,22.12,45909.00,Active,3,3
10:4:25 - 27/11/2024,54.467,4.84,-28.88,-15.13,23.19,46031.00,Active,3,3
10:4:25 - 27/11/2024,54.540,4.84,-28.71,-15.60,23.63,46101.00,Active,3,3
10:4:25 - 27/11/2024,54.658,4.84,-28.39,-15.98,25.25,46223.00,Active,3,3
10:4:25 - 27/11/2024,54.868,5.13,-28.39,-15.98,26.07,46436.00,Active,3,3
10:4:25 - 27/11/2024,54.943,5.13,-28.39,-15.98,24.84,46505.00,Active,3,3
10:4:25 - 27/11/2024,54.984,5.13,-28.04,-16.54,24.84,46541.00,Active,3,3
10:4:25 - 27/11/2024,55.104,5.13,-28.17,-16.54,22.56,46641.00,Active,3,3
10:4:25 - 27/11/2024,55.225,5.05,-28.27,-16.52,20.70,46732.00,Active,3,3
10:4:25 - 27/11/2024,55.305,5.05,-28.36,-16.47,18.47,46788.00,Active,3,3
10:4:25 - 27/11/2024,55.429,5.05,-28.42,-16.38,17.24,46873.00,Active,3,3
10:4:25 - 27/11/2024,55.549,5.05,-28.50,-16.23,17.45,46960.00,Active,3,3
10:4:25 - 27/11/2024,55.634,5.05,-28.70,-15.72,18.88,47027.00,Active,3,3
10:4:25 - 27/11/2024,55.754,5.05,-28.79,-15.33,21.11,47130.00,Active,3,3
10:4:25 - 27/11/2024,55.916,4.72,-28.79,-15.33,22.77,47278.00,Active,3,3
10:4:25 - 27/11/2024,55.997,4.72,-28.79,-15.33,23.19,47355.00,Active,3,3
10:4:25 - 27/11/2024,56.079,4.72,-29.06,-13.25,23.19,47434.00,Active,3,3
10:4:25 - 27/11/2024,56.203,5.08,-29.11,-12.71,24.43,47556.00,Active,3,3
10:4:25 - 27/11/2024,56.300,5.08,-29.16,-12.52,24.63,47668.00,Active,3,3
10:4:25 - 27/11/2024,56.405,5.13,-29.18,-12.56,25.45,47761.00,Active,3,3
10:4:25 - 27/11/2024,56.525,5.17,-29.19,-12.69,24.63,47875.00,Active,3,3
10:4:25 - 27/11/2024,56.647,5.17,-29.16,-12.87,23.40,47985.00,Active,3,3
10:4:25 - 27/11/2024,56.726,5.17,-29.13,-13.08,21.52,48048.00,Active,3,3
10:4:25 - 27/11/2024,56.933,5.17,-29.13,-13.08,18.06,48198.00,Active,3,3
10:4:25 - 27/11/2024,56.971,5.17,-29.13,-13.08,18.47,48228.00,Active,3,3
10:4:25 - 27/11/2024,57.062,4.61,-28.96,-14.14,18.47,48307.00,Active,3,3
10:4:25 - 27/11/2024,57.182,4.65,-28.90,-14.70,21.44,48416.00,Active,3,3
10:4:25 - 27/11/2024,57.295,4.65,-28.83,-15.24,22.94,48524.00,Active,3,3
10:4:25 - 27/11/2024,57.376,4.65,-28.54,-16.04,23.80,48605.00,Active,3,3
10:4:25 - 27/11/2024,57.501,5.14,-28.35,-16.29,25.25,48731.00,Active,3,3
10:4:25 - 27/11/2024,57.621,5.14,-28.21,-16.44,25.46,48851.00,Active,3,3
10:4:25 - 27/11/2024,57.700,5.14,-28.13,-16.49,24.22,48925.00,Active,3,3
10:4:25 - 27/11/2024,57.903,5.23,-28.13,-16.49,22.56,49102.00,Active,3,3
10:4:25 - 27/11/2024,57.947,5.23,-28.30,-16.46,21.14,49138.00,Active,3,3
10:4:25 - 27/11/2024,58.065,5.23,-28.36,-16.42,20.73,49237.00,Active,3,3
10:4:25 - 27/11/2024,58.153,4.84,-28.44,-16.34,20.73,49311.00,Active,3,3
10:4:25 - 27/11/2024,58.268,4.84,-28.56,-16.19,21.14,49415.00,Active,3,3
10:4:25 - 27/11/2024,58.401,4.86,-28.69,-15.91,22.58,49536.00,Active,3,3
10:4:25 - 27/11/2024,58.470,4.86,-28.82,-15.48,23.43,49600.00,Active,3,3
10:4:25 - 27/11/2024,58.593,4.95,-28.90,-14.85,23.80,49721.00,Active,3,3
10:4:25 - 27/11/2024,58.718,4.95,-28.97,-14.05,24.83,49848.00,Active,3,3
10:4:25 - 27/11/2024,58.875,5.15,-28.97,-14.05,25.66,50011.00,Active,3,3
10:4:25 - 27/11/2024,58.936,5.15,-29.14,-12.56,25.86,50073.00,Active,3,3
10:4:25 - 27/11/2024,59.038,5.15,-29.19,-12.64,26.07,50181.00,Active,3,3
10:4:25 - 27/11/2024,59.128,5.27,-29.17,-12.79,26.07,50273.00,Active,4,4
10:4:25 - 27/11/2024,59.257,5.29,-29.14,-12.95,25.65,50399.00,Active,4,4
10:4:25 - 27/11/2024,59.363,5.29,-29.10,-13.09,24.27,50494.00,Active,4,4
10:4:25 - 27/11/2024,59.485,5.29,-29.05,-13.39,22.58,50597.00,Active,4,4
10:4:25 - 27/11/2024,59.575,5.01,-29.00,-13.97,21.35,50679.00,Active,4,4
10:4:25 - 27/11/2024,59.690,5.01,-28.92,-14.62,23.60,50796.00,Active,4,4
10:4:25 - 27/11/2024,59.852,5.01,-28.92,-14.62,25.45,50962.00,Active,4,4
10:4:25 - 27/11/2024,59.933,5.01,-28.92,-14.62,25.86,51050.00,Active,4,4
10:4:25 - 27/11/2024,60.013,5.01,-28.31,-16.08,27.34,51135.00,Active,4,4
10:4:25 - 27/11/2024,60.133,5.01,-28.02,-16.35,25.66,51257.00,Active,4,4
10:4:25 - 27/11/2024,60.256,5.26,-28.00,-16.51,23.40,51369.00,Active,4,4
10:4:25 - 27/11/2024,60.336,5.26,-28.11,-16.53,23.40,51440.00,Active,4,4
10:4:25 - 27/11/2024,60.458,5.26,-28.20,-16.51,22.37,51551.00,Active,4,4
10:4:25 - 27/11/2024,60.589,4.86,-28.33,-16.42,22.37,51663.00,Active,4,4
10:4:25 - 27/11/2024,60.662,4.86,-28.43,-16.29,21.20,51722.00,Active,4,4
10:4:25 - 27/11/2024,60.872,4.80,-28.43,-16.29,20.49,51895.00,Active,4,4
10:4:25 - 27/11/2024,60.906,4.80,-28.43,-16.29,20.49,51923.00,Active,4,4
10:4:25 - 27/11/2024,60.986,4.78,-28.89,-15.23,21.55,51994.00,Active,4,4
10:4:25 - 27/11/2024,61.107,4.78,-28.96,-14.59,22.78,52105.00,Active,4,4
10:4:25 - 27/11/2024,61.239,4.88,-29.02,-13.83,22.99,52228.00,Active,4,4
10:4:25 - 27/11/2024,61.310,4.88,-29.07,-13.17,22.99,52294.00,Active,4,4
10:4:25 - 27/11/2024,61.427,4.88,-29.12,-12.78,23.80,52409.00,Active,4,4
10:4:25 - 27/11/2024,61.554,4.88,-29.16,-12.69,24.63,52538.00,Active,4,4
10:4:25 - 27/11/2024,61.635,5.04,-29.18,-12.79,25.25,52619.00,Active,4,4
10:4:25 - 27/11/2024,61.879,5.19,-29.18,-12.91,23.60,52848.00,Active,4,4
10:4:25 - 27/11/2024,61.925,5.14,-29.18,-12.91,23.60,52886.00,Active,4,4
10:4:25 - 27/11/2024,61.999,5.14,-29.12,-13.16,21.14,52944.00,Active,4,4
10:4:25 - 27/11/2024,62.079,5.14,-28.96,-13.97,20.07,53009.00,Active,4,4
10:4:25 - 27/11/2024,62.202,5.14,-28.96,-13.97,20.53,53110.00,Active,4,4
10:4:25 - 27/11/2024,62.330,4.73,-28.70,-15.07,20.73,53217.00,Active,4,4
10:4:25 - 27/11/2024,62.405,4.73,-28.42,-15.54,20.73,53281.00,Active,4,4
10:4:25 - 27/11/2024,62.534,4.80,-28.19,-15.89,21.32,53399.00,Active,4,4
10:4:25 - 27/11/2024,62.649,4.81,-28.05,-16.16,23.40,53512.00,Active,4,4
10:4:25 - 27/11/2024,62.730,4.81,-27.95,-16.37,24.63,53593.00,Active,4,4
10:4:25 - 27/11/2024,62.892,4.81,-27.95,-16.37,24.83,53748.00,Active,4,4
10:4:25 - 27/11/2024,62.976,5.09,-27.98,-16.52,23.60,53828.00,Active,4,4
10:4:25 - 27/11/2024,63.055,5.09,-28.10,-16.51,23.19,53900.00,Active,4,4
10:4:25 - 27/11/2024,63.177,5.09,-28.26,-16.48,22.99,54011.00,Active,4,4
10:4:25 - 27/11/2024,63.297,5.09,-28.37,-16.41,21.52,54112.00,Active,4,4
10:4:25 - 27/11/2024,63.420,5.09,-28.51,-16.26,20.12,54210.00,Active,4,4
10:4:25 - 27/11/2024,63.500,5.09,-28.67,-15.97,20.12,54272.00,Active,4,4
10:4:25 - 27/11/2024,63.625,5.09,-28.78,-15.57,19.45,54371.00,Active,4,4
10:4:25 - 27/11/2024,63.743,4.71,-28.87,-15.09,20.12,54475.00,Active,4,4
10:4:25 - 27/11/2024,63.908,4.75,-28.87,-15.09,22.99,54627.00,Active,4,4
10:4:25 - 27/11/2024,63.949,4.88,-29.05,-13.23,22.99,54665.00,Active,4,4
10:4:25 - 27/11/2024,64.067,4.88,-29.14,-12.86,22.99,54774.00,Active,4,4
10:4:25 - 27/11/2024,64.148,4.88,-29.17,-12.77,23.59,54851.00,Active,4,4
10:4:25 - 27/11/2024,64.272,4.88,-29.18,-12.84,25.04,54975.00,Active,4,4
10:4:25 - 27/11/2024,64.394,4.98,-29.17,-12.95,25.86,55102.00,Active,4,4
10:4:25 - 27/11/2024,64.479,5.23,-29.15,-13.10,25.86,55190.00,Active,4,4
10:4:25 - 27/11/2024,64.598,5.23,-29.11,-13.26,26.07,55302.00,Active,4,4
10:4:25 - 27/11/2024,64.716,5.26,-29.06,-13.55,22.78,55392.00,Active,4,4
10:4:25 - 27/11/2024,64.880,5.26,-29.06,-13.55,18.83,55514.00,Active,4,4
10:4:25 - 27/11/2024,64.920,5.26,-28.95,-14.66,18.83,55546.00,Active,4,4
10:4:25 - 27/11/2024,65.044,4.64,-28.89,-15.14,19.39,55644.00,Active,4,4
10:4:25 - 27/11/2024,65.164,4.64,-28.83,-15.55,20.62,55745.00,Active,4,4
10:4:25 - 27/11/2024,65.248,4.72,-28.46,-16.14,21.76,55819.00,Active,4,4
10:4:25 - 27/11/2024,65.377,4.77,-28.31,-16.34,22.58,55937.00,Active,4,4
10:4:25 - 27/11/2024,65.489,4.77,-28.31,-16.34,23.25,56043.00,Active,4,4
10:4:25 - 27/11/2024,65.610,4.77,-28.18,-16.53,23.59,56155.00,Active,4,4
10:4:25 - 27/11/2024,65.697,4.99,-28.18,-16.53,23.59,56236.00,Active,4,4
10:4:25 - 27/11/2024,65.862,4.94,-28.18,-16.53,21.55,56378.00,Active,4,4
10:4:25 - 27/11/2024,65.933,4.94,-28.18,-16.53,21.55,56433.00,Active,4,4
10:4:25 - 27/11/2024,66.016,4.94,-28.37,-16.30,19.70,56493.00,Active,4,4
10:4:25 - 27/11/2024,66.138,4.94,-28.49,-16.09,17.65,56579.00,Active,4,4
10:4:25 - 27/11/2024,66.260,4.55,-28.62,-15.81,18.68,56679.00,Active,4,4
10:4:25 - 27/11/2024,66.349,4.53,-28.83,-15.47,21.94,56760.00,Active,4,4
10:4:25 - 27/11/2024,66.462,4.53,-28.91,-15.02,23.19,56865.00,Active,4,4
10:4:25 - 27/11/2024,66.592,4.53,-28.98,-14.37,24.63,56993.00,Active,4,4
10:4:25 - 27/11/2024,66.668,4.95,-29.04,-13.63,24.63,57066.00,Active,4,4
10:4:25 - 27/11/2024,66.869,5.03,-29.04,-13.63,24.43,57262.00,Active,4,4
10:4:25 - 27/11/2024,66.908,5.03,-29.04,-13.63,24.43,57301.00,Active,4,4
10:4:25 - 27/11/2024,66.999,5.09,-29.19,-12.90,24.43,57388.00,Active,4,4
10:4:25 - 27/11/2024,67.108,5.09,-29.16,-13.08,24.01,57489.00,Active,4,4
10:4:25 - 27/11/2024,67.233,5.09,-29.12,-13.29,22.99,57600.00,Active,4,4
10:4:25 - 27/11/2024,67.360,5.04,-29.08,-13.47,20.94,57698.00,Active,4,4
10:4:25 - 27/11/2024,67.437,5.04,-29.03,-13.74,18.01,57752.00,Active,4,4
10:4:25 - 27/11/2024,67.557,5.04,-28.99,-14.17,18.47,57843.00,Active,4,4
10:4:25 - 27/11/2024,67.680,5.04,-28.94,-14.63,21.14,57948.00,Active,4,4
10:4:25 - 27/11/2024,67.819,5.04,-28.94,-14.63,23.18,58092.00,Active,4,4
10:4:25 - 27/11/2024,67.903,4.77,-28.94,-14.63,23.18,58163.00,Active,4,4
10:4:25 - 27/11/2024,68.005,4.77,-28.69,-15.93,24.86,58268.00,Active,4,4
10:4:25 - 27/11/2024,68.089,5.13,-28.53,-16.21,25.27,58352.00,Active,4,4
10:4:25 - 27/11/2024,68.213,5.19,-28.34,-16.41,24.63,58467.00,Active,4,4
10:4:25 - 27/11/2024,68.326,5.19,-28.21,-16.51,21.94,58560.00,Active,4,4
10:4:25 - 27/11/2024,68.416,5.06,-28.28,-16.52,20.11,58631.00,Active,4,4
10:4:25 - 27/11/2024,68.531,4.89,-28.35,-16.50,19.86,58721.00,Active,4,4
10:4:25 - 27/11/2024,68.653,4.89,-28.38,-16.48,18.68,58811.00,Active,4,4
10:4:25 - 27/11/2024,68.852,4.76,-28.41,-16.41,17.24,58947.00,Active,4,4
10:4:25 - 27/11/2024,68.895,4.76,-28.41,-16.41,17.24,58979.00,Active,4,4
10:4:25 - 27/11/2024,68.983,4.55,-28.69,-15.82,17.24,59049.00,Active,4,4
10:4:25 - 27/11/2024,69.071,4.55,-28.79,-15.49,19.91,59125.00,Active,4,4
10:4:25 - 27/11/2024,69.181,4.55,-28.88,-15.00,22.35,59227.00,Active,4,4
10:4:25 - 27/11/2024,69.312,4.96,-28.95,-14.32,23.59,59351.00,Active,4,4
10:4:25 - 27/11/2024,69.423,5.03,-29.07,-13.56,23.40,59451.00,Active,4,4
10:4:25 - 27/11/2024,69.501,5.03,-29.12,-12.99,22.17,59522.00,Active,4,4
10:4:25 - 27/11/2024,69.626,5.03,-29.16,-12.77,22.17,59632.00,Active,4,4
10:4:25 - 27/11/2024,69.749,4.88,-29.19,-12.80,20.94,59732.00,Active,4,4
10:4:25 - 27/11/2024,69.869,4.88,-29.19,-12.80,20.24,59828.00,Active,4,4
10:4:25 - 27/11/2024,69.950,4.88,-29.17,-13.04,20.24,59892.00,Active,4,4
10:4:25 - 27/11/2024,70.072,4.88,-29.15,-13.19,19.70,59985.00,Active,4,4
10:4:25 - 27/11/2024,70.193,4.88,-29.12,-13.35,18.68,60070.00,Active,4,4
10:4:25 - 27/11/2024,70.273,4.88,-29.02,-13.85,17.45,60123.00,Active,4,4
10:4:25 - 27/11/2024,70.375,4.88,-29.02,-13.85,16.42,60198.00,Active,4,4
10:4:25 - 27/11/2024,70.516,4.88,-28.93,-14.69,16.49,60284.00,Active,4,4
10:4:25 - 27/11/2024,70.598,4.88,-28.88,-15.10,17.32,60342.00,Active,4,4
10:4:25 - 27/11/2024,70.723,4.47,-28.82,-15.48,18.42,60435.00,Active,4,4
10:4:25 - 27/11/2024,70.884,4.47,-28.82,-15.48,19.91,60566.00,Active,4,4
10:4:25 - 27/11/2024,70.923,4.47,-28.82,-15.48,19.91,60600.00,Active,4,4
10:4:25 - 27/11/2024,71.046,4.47,-28.43,-16.25,21.14,60706.00,Active,4,4
10:4:25 - 27/11/2024,71.165,4.67,-28.27,-16.42,21.96,60812.00,Active,4,4
10:4:25 - 27/11/2024,71.290,4.81,-28.17,-16.51,21.96,60923.00,Active,4,4
10:4:25 - 27/11/2024,71.371,4.81,-28.23,-16.52,22.56,60998.00,Active,4,4
10:4:25 - 27/11/2024,71.494,4.81,-28.29,-16.51,23.19,61114.00,Active,4,4
10:4:25 - 27/11/2024,71.613,4.81,-28.35,-16.47,23.39,61217.00,Active,4,4
10:4:25 - 27/11/2024,71.700,4.81,-28.51,-16.20,19.70,61280.00,Active,4,4
10:4:25 - 27/11/2024,71.857,4.87,-28.51,-16.20,16.63,61385.00,Active,4,4
10:4:25 - 27/11/2024,71.935,4.87,-28.74,-15.64,17.45,61442.00,Active,4,4
10:4:25 - 27/11/2024,72.018,4.87,-28.82,-15.28,17.45,61512.00,Active,4,4
10:4:25 - 27/11/2024,72.143,4.51,-28.89,-14.80,20.70,61626.00,Active,4,4
10:4:25 - 27/11/2024,72.263,4.51,-28.95,-14.15,23.40,61738.00,Active,4,4
10:4:25 - 27/11/2024,72.343,4.51,-29.01,-13.44,23.59,61811.00,Active,4,4
10:4:25 - 27/11/2024,72.469,4.96,-29.11,-12.95,22.37,61923.00,Active,4,4
10:4:25 - 27/11/2024,72.589,4.96,-29.15,-12.80,22.17,62031.00,Active,4,4
10:4:25 - 27/11/2024,72.711,4.87,-29.17,-12.86,22.77,62142.00,Active,4,4
10:4:25 - 27/11/2024,72.870,4.87,-29.17,-12.86,23.86,62304.00,Active,4,4
10:4:25 - 27/11/2024,72.909,4.87,-29.17,-12.86,25.68,62345.00,Active,4,4
10:4:25 - 27/11/2024,73.031,4.87,-29.12,-13.31,25.25,62465.00,Active,4,4
10:4:25 - 27/11/2024,73.113,4.87,-29.08,-13.57,25.25,62534.00,Active,4,4
10:4:25 - 27/11/2024,73.236,4.87,-29.03,-14.01,21.49,62635.00,Active,4,4
10:4:25 - 27/11/2024,73.368,4.82,-28.93,-14.56,20.53,62756.00,Active,4,4
10:4:25 - 27/11/2024,73.440,4.76,-28.87,-15.02,23.45,62825.00,Active,4,4
10:4:25 - 27/11/2024,73.560,4.76,-28.70,-15.81,23.97,62941.00,Active,4,4
10:4:25 - 27/11/2024,73.683,4.76,-28.58,-16.05,24.22,63063.00,Active,4,4
10:4:25 - 27/11/2024,73.842,5.06,-28.58,-16.05,25.04,63222.00,Active,4,4
10:4:25 - 27/11/2024,73.928,5.09,-28.58,-16.05,25.04,63308.00,Active,4,4
10:4:25 - 27/11/2024,74.004,5.09,-28.29,-16.40,25.04,63383.00,Active,4,4
10:4:25 - 27/11/2024,74.087,5.09,-28.27,-16.40,25.04,63463.00,Active,4,4
10:4:25 - 27/11/2024,74.204,5.09,-28.31,-16.38,24.21,63569.00,Active,4,4
10:4:25 - 27/11/2024,74.328,5.09,-28.36,-16.34,22.58,63672.00,Active,4,4
10:4:25 - 27/11/2024,74.462,4.83,-28.53,-16.22,20.12,63781.00,Active,4,4
10:4:25 - 27/11/2024,74.533,4.83,-28.67,-15.98,21.00,63848.00,Active,4,4
10:4:25 - 27/11/2024,74.655,4.83,-28.78,-15.63,23.79,63968.00,Active,4,4
10:4:25 - 27/11/2024,74.820,4.86,-28.78,-15.63,24.84,64135.00,Active,4,4
10:4:25 - 27/11/2024,74.899,4.86,-28.78,-15.63,25.67,64212.00,Active,4,4
10:4:25 - 27/11/2024,74.980,4.86,-29.07,-12.82,24.02,64287.00,Active,4,4
10:4:25 - 27/11/2024,75.099,4.86,-29.07,-12.82,22.37,64394.00,Active,4,4
10:4:25 - 27/11/2024,75.188,4.98,-29.15,-12.75,22.37,64471.00,Active,4,4
10:4:25 - 27/11/2024,75.301,4.98,-29.16,-12.86,21.76,64571.00,Active,4,4
10:4:25 - 27/11/2024,75.428,4.85,-29.15,-13.02,21.96,64684.00,Active,4,4
10:4:25 - 27/11/2024,75.486,4.85,-29.10,-13.23,22.37,64746.00,Active,4,4
10:4:25 - 27/11/2024,75.635,4.85,-29.06,-13.46,21.70,64856.00,Active,4,4
10:4:25 - 27/11/2024,75.836,4.70,-29.02,-13.73,15.81,64987.00,Active,4,4
10:4:25 - 27/11/2024,75.912,4.70,-29.02,-13.73,15.81,65037.00,Active,4,4
10:4:25 - 27/11/2024,75.955,4.70,-28.94,-14.50,16.83,65067.00,Active,4,4
10:4:25 - 27/11/2024,76.072,4.70,-28.90,-14.93,18.27,65155.00,Active,4,4
10:4:25 - 27/11/2024,76.198,4.52,-28.85,-15.35,20.53,65260.00,Active,4,4
10:4:25 - 27/11/2024,76.277,4.52,-28.79,-15.71,20.53,65330.00,Active,4,4
10:4:25 - 27/11/2024,76.399,4.52,-28.59,-15.99,22.14,65442.00,Active,4,4
10:4:25 - 27/11/2024,76.519,4.52,-28.44,-16.24,23.39,65556.00,Active,4,4
10:4:25 - 27/11/2024,76.601,4.52,-28.27,-16.53,23.81,65632.00,Active,4,4
10:4:25 - 27/11/2024,76.727,4.52,-28.26,-16.54,22.37,65741.00,Active,4,4
10:4:25 - 27/11/2024,76.891,4.86,-28.26,-16.54,21.14,65881.00,Active,4,4
10:4:25 - 27/11/2024,76.926,4.86,-28.33,-16.49,21.73,65911.00,Active,4,4
10:4:25 - 27/11/2024,77.046,4.86,-28.36,-16.43,20.73,66009.00,Active,4,4
10:4:25 - 27/11/2024,77.172,4.78,-28.41,-16.29,18.12,66098.00,Active,4,4
10:4:25 - 27/11/2024,77.291,4.78,-28.52,-16.06,16.69,66177.00,Active,4,4
10:4:25 - 27/11/2024,77.373,4.78,-28.65,-15.76,16.69,66236.00,Active,4,4
10:4:25 - 27/11/2024,77.496,4.78,-28.83,-15.42,18.06,66340.00,Active,4,4
10:4:25 - 27/11/2024,77.616,4.78,-28.90,-14.98,21.35,66445.00,Active,4,4
10:4:25 - 27/11/2024,77.696,4.78,-28.96,-14.37,22.14,66514.00,Active,4,4
10:4:25 - 27/11/2024,77.900,4.78,-28.96,-14.37,19.70,66676.00,Active,4,4
10:4:25 - 27/11/2024,77.941,4.74,-29.07,-13.12,19.70,66708.00,Active,4,4
10:4:25 - 27/11/2024,78.020,4.74,-29.11,-12.87,19.29,66770.00,Active,4,4
10:4:25 - 27/11/2024,78.142,4.74,-29.14,-12.86,20.56,66869.00,Active,4,4
10:4:25 - 27/11/2024,78.265,4.74,-29.16,-12.94,20.45,66971.00,Active,4,4
10:4:25 - 27/11/2024,78.346,4.74,-29.15,-13.13,20.45,67039.00,Active,4,4
10:4:25 - 27/11/2024,78.478,4.74,-29.13,-13.30,21.32,67150.00,Active,4,4
10:4:25 - 27/11/2024,78.589,4.74,-29.06,-13.51,20.63,67233.00,Active,4,4
10:4:25 - 27/11/2024,78.708,4.74,-29.02,-13.76,18.52,67319.00,Active,4,4
10:4:25 - 27/11/2024,78.877,4.55,-29.02,-13.76,20.03,67453.00,Active,4,4
10:4:25 - 27/11/2024,78.911,4.55,-28.94,-14.61,20.03,67484.00,Active,4,4
10:4:25 - 27/11/2024,79.035,4.55,-28.89,-15.06,22.71,67601.00,Active,4,4
10:4:25 - 27/11/2024,79.117,4.55,-28.83,-15.49,24.21,67680.00,Active,4,4
10:4:25 - 27/11/2024,79.245,5.02,-28.74,-15.86,24.84,67808.00,Active,4,4
10:4:25 - 27/11/2024,79.365,5.02,-28.62,-16.13,25.86,67932.00,Active,4,4
10:4:25 - 27/11/2024,79.439,5.02,-28.47,-16.34,25.86,68007.00,Active,4,4
10:4:25 - 27/11/2024,79.566,5.16,-28.27,-16.45,25.04,68125.00,Active,4,4
10:4:25 - 27/11/2024,79.682,5.16,-28.26,-16.48,22.99,68225.00,Active,4,4
10:4:25 - 27/11/2024,79.847,5.16,-28.26,-16.48,20.07,68355.00,Active,4,4
10:4:25 - 27/11/2024,79.893,4.80,-28.42,-16.37,20.07,68388.00,Active,4,4
10:4:25 - 27/11/2024,80.014,4.74,-28.51,-16.24,17.86,68475.00,Active,4,4
10:4:25 - 27/11/2024,80.133,4.74,-28.62,-16.07,19.29,68578.00,Active,4,4
10:4:25 - 27/11/2024,80.222,4.51,-28.71,-15.81,22.78,68661.00,Active,4,4
10:4:25 - 27/11/2024,80.335,4.51,-28.79,-15.41,22.99,68764.00,Active,4,4
10:4:25 - 27/11/2024,80.453,4.51,-28.87,-14.78,21.11,68861.00,Active,4,4
10:4:25 - 27/11/2024,80.534,4.51,-28.99,-14.05,21.11,68923.00,Active,4,4
10:4:25 - 27/11/2024,80.665,4.51,-29.03,-13.38,19.45,69033.00,Active,4,4
10:4:25 - 27/11/2024,80.826,4.79,-29.03,-13.38,25.46,69197.00,Active,4,4
10:4:25 - 27/11/2024,80.903,5.03,-29.03,-13.38,25.46,69279.00,Active,4,4
10:4:25 - 27/11/2024,80.983,5.03,-29.13,-12.74,26.89,69367.00,Active,4,4
10:4:25 - 27/11/2024,81.102,5.03,-29.13,-12.82,26.89,69494.00,Active,4,4
10:4:25 - 27/11/2024,81.235,5.58,-29.11,-12.91,26.90,69632.00,Active,4,4
10:4:25 - 27/11/2024,81.306,5.58,-29.08,-13.06,24.84,69700.00,Active,4,4
10:4:25 - 27/11/2024,81.428,5.58,-29.03,-13.44,24.42,69820.00,Active,4,4
10:4:25 - 27/11/2024,81.550,5.32,-28.94,-14.74,25.86,69947.00,Active,4,4
10:4:25 - 27/11/2024,81.633,5.17,-28.80,-15.29,25.86,70034.00,Active,4,4
10:4:25 - 27/11/2024,81.832,5.26,-28.66,-15.77,26.89,70248.00,Active,4,4
10:4:25 - 27/11/2024,81.873,5.26,-28.66,-15.77,26.89,70293.00,Active,4,4
10:4:25 - 27/11/2024,81.969,5.25,-28.25,-16.38,27.32,70397.00,Active,4,4
10:4:25 - 27/11/2024,82.079,5.25,-28.14,-16.51,27.09,70513.00,Active,4,4
10:4:25 - 27/11/2024,82.201,5.25,-28.16,-16.53,25.46,70634.00,Active,4,4
10:4:25 - 27/11/2024,82.278,5.13,-28.21,-16.51,24.63,70709.00,Active,4,4
10:4:25 - 27/11/2024,82.400,5.13,-28.25,-16.47,23.40,70821.00,Active,5,5
10:4:25 - 27/11/2024,82.540,4.98,-28.29,-16.37,21.76,70946.00,Active,5,5
10:4:25 - 27/11/2024,82.660,4.87,-28.50,-16.15,23.94,71062.00,Active,5,5
10:4:25 - 27/11/2024,82.805,4.87,-28.67,-15.82,23.87,71198.00,Active,5,5
10:4:25 - 27/11/2024,82.889,4.87,-28.67,-15.82,22.78,71274.00,Active,5,5
10:4:25 - 27/11/2024,82.968,5.36,-28.88,-14.67,22.78,71349.00,Active,5,5
10:4:25 - 27/11/2024,83.048,5.36,-28.95,-13.85,24.01,71427.00,Active,5,5
10:4:25 - 27/11/2024,83.151,5.36,-29.06,-12.70,24.22,71540.00,Active,5,5
10:4:25 - 27/11/2024,83.293,5.59,-29.11,-12.65,24.64,71666.00,Active,5,5
10:4:25 - 27/11/2024,83.375,5.59,-29.14,-12.74,23.78,71742.00,Active,5,5
10:4:25 - 27/11/2024,83.496,5.59,-29.14,-12.84,23.19,71855.00,Active,5,5
10:4:25 - 27/11/2024,83.623,5.70,-29.14,-12.84,22.37,71969.00,Active,5,5
10:4:25 - 27/11/2024,83.700,5.70,-29.05,-13.04,22.37,72040.00,Active,5,5
10:4:25 - 27/11/2024,83.862,5.70,-29.05,-13.04,20.90,72174.00,Active,5,5
10:4:25 - 27/11/2024,83.945,5.70,-28.96,-13.95,20.90,72239.00,Active,5,5
10:4:25 - 27/11/2024,84.026,5.70,-28.91,-14.58,19.50,72309.00,Active,5,5
10:4:25 - 27/11/2024,84.146,5.70,-28.85,-15.07,22.14,72416.00,Active,5,5
10:4:25 - 27/11/2024,84.273,4.92,-28.75,-15.50,22.17,72528.00,Active,5,5
10:4:25 - 27/11/2024,84.390,4.92,-28.55,-15.89,21.76,72627.00,Active,5,5
10:4:25 - 27/11/2024,84.475,4.92,-28.22,-16.16,20.73,72695.00,Active,5,5
10:4:25 - 27/11/2024,84.592,5.05,-27.93,-16.48,17.86,72775.00,Active,5,5
10:4:25 - 27/11/2024,84.715,5.05,-27.93,-16.48,14.40,72842.00,Active,5,5
10:4:25 - 27/11/2024,84.882,4.26,-27.93,-16.48,13.14,72930.00,Active,5,5
10:4:25 - 27/11/2024,84.927,4.12,-28.21,-16.52,13.14,72952.00,Active,5,5
10:4:25 - 27/11/2024,85.039,4.12,-28.26,-16.52,12.82,73010.00,Active,5,5
10:4:25 - 27/11/2024,85.159,4.12,-28.29,-16.50,12.84,73087.00,Active,5,5
10:4:25 - 27/11/2024,85.243,4.12,-28.30,-16.48,16.83,73160.00,Active,5,5
10:4:25 - 27/11/2024,85.360,4.25,-28.34,-16.43,23.40,73281.00,Active,5,5
10:4:25 - 27/11/2024,85.484,4.25,-28.42,-16.32,26.50,73400.00,Active,5,5
10:4:25 - 27/11/2024,85.573,5.38,-28.55,-16.02,20.94,73466.00,Active,5,5
10:4:25 - 27/11/2024,85.685,5.64,-28.81,-15.47,21.35,73568.00,Active,5,5
10:4:25 - 27/11/2024,85.850,5.64,-28.81,-15.47,26.07,73741.00,Active,5,5
10:4:25 - 27/11/2024,85.890,5.64,-28.94,-14.12,26.07,73780.00,Active,5,5
10:4:25 - 27/11/2024,86.017,5.46,-29.01,-13.30,25.04,73901.00,Active,5,5
10:4:25 - 27/11/2024,86.131,5.46,-29.07,-12.66,23.40,74009.00,Active,5,5
10:4:25 - 27/11/2024,86.213,5.46,-29.13,-12.58,24.42,74089.00,Active,5,5
10:4:25 - 27/11/2024,86.340,5.97,-29.14,-12.70,24.01,74206.00,Active,5,5
10:4:25 - 27/11/2024,86.458,5.97,-29.11,-12.83,22.17,74308.00,Active,5,5
10:4:25 - 27/11/2024,86.539,5.97,-29.07,-12.97,21.96,74381.00,Active,5,5
10:4:25 - 27/11/2024,86.676,5.72,-29.00,-13.20,22.37,74502.00,Active,5,5
10:4:25 - 27/11/2024,86.822,5.48,-29.00,-13.20,20.94,74620.00,Active,5,5
10:4:25 - 27/11/2024,86.904,5.15,-29.00,-13.20,20.32,74690.00,Active,5,5
10:4:25 - 27/11/2024,86.983,5.09,-28.83,-14.92,20.32,74762.00,Active,5,5
10:4:25 - 27/11/2024,87.106,5.00,-28.75,-15.42,22.97,74875.00,Active,5,5
10:4:25 - 27/11/2024,87.229,5.00,-28.63,-15.83,22.77,74991.00,Active,5,5
10:4:25 - 27/11/2024,87.312,5.00,-28.48,-16.15,23.60,75064.00,Active,5,5
10:4:25 - 27/11/2024,87.437,5.45,-28.33,-16.40,22.37,75177.00,Active,5,5
10:4:25 - 27/11/2024,87.552,5.45,-28.21,-16.58,22.37,75281.00,Active,5,5
10:4:25 - 27/11/2024,87.644,5.39,-28.17,-16.67,22.77,75363.00,Active,5,5
10:4:25 - 27/11/2024,87.836,5.39,-28.20,-16.67,21.96,75526.00,Active,5,5
10:4:25 - 27/11/2024,87.881,5.20,-28.20,-16.67,20.12,75559.00,Active,5,5
10:4:25 - 27/11/2024,88.001,5.20,-28.39,-16.58,18.21,75645.00,Active,5,5
10:4:25 - 27/11/2024,88.090,4.86,-28.56,-16.27,18.21,75712.00,Active,5,5
10:4:25 - 27/11/2024,88.202,4.61,-28.68,-16.02,18.83,75810.00,Active,5,5
10:4:25 - 27/11/2024,88.262,4.61,-28.78,-15.68,22.28,75878.00,Active,5,5
10:4:25 - 27/11/2024,88.411,4.89,-28.85,-15.16,23.60,76005.00,Active,5,5
10:4:25 - 27/11/2024,88.527,4.89,-28.91,-14.38,22.37,76108.00,Active,5,5
10:4:25 - 27/11/2024,88.648,4.89,-28.97,-13.50,22.99,76224.00,Active,5,5
10:4:25 - 27/11/2024,88.812,5.46,-29.06,-12.85,24.84,76391.00,Active,5,5
10:4:25 - 27/11/2024,88.901,5.64,-29.06,-12.85,25.87,76481.00,Active,5,5
10:4:25 - 27/11/2024,88.974,5.64,-29.13,-12.67,24.63,76548.00,Active,5,5
10:4:25 - 27/11/2024,89.052,5.64,-29.13,-12.80,24.63,76619.00,Active,5,5
10:4:25 - 27/11/2024,89.176,5.64,-29.10,-13.00,22.37,76731.00,Active,5,5
10:4:25 - 27/11/2024,89.296,5.64,-29.07,-13.27,22.58,76834.00,Active,5,5
10:4:25 - 27/11/2024,89.419,5.64,-29.03,-13.56,21.35,76932.00,Active,5,5
10:4:25 - 27/11/2024,89.499,5.64,-28.94,-14.48,19.91,77001.00,Active,5,5
10:4:25 - 27/11/2024,89.625,4.93,-28.90,-14.98,22.35,77120.00,Active,5,5
10:4:25 - 27/11/2024,89.826,4.93,-28.90,-14.98,22.78,77306.00,Active,5,5
10:4:25 - 27/11/2024,89.864,4.93,-28.90,-14.98,22.78,77342.00,Active,5,5
10:4:25 - 27/11/2024,89.947,4.93,-28.48,-16.16,24.22,77425.00,Active,5,5
10:4:25 - 27/11/2024,90.065,4.93,-28.32,-16.40,24.43,77541.00,Active,5,5
10:4:25 - 27/11/2024,90.149,4.93,-28.21,-16.60,24.43,77618.00,Active,5,5
10:4:25 - 27/11/2024,90.269,4.93,-28.16,-16.70,22.78,77717.00,Active,5,5
10:4:25 - 27/11/2024,90.393,4.93,-28.21,-16.69,20.32,77815.00,Active,5,5
10:4:25 - 27/11/2024,90.512,4.93,-28.29,-16.66,20.45,77913.00,Active,5,5
10:4:25 - 27/11/2024,90.596,4.93,-28.35,-16.61,20.53,77981.00,Active,5,5
10:4:25 - 27/11/2024,90.726,4.75,-28.39,-16.52,19.91,78082.00,Active,5,5
10:4:25 - 27/11/2024,90.888,4.75,-28.39,-16.52,19.29,78214.00,Active,5,5
10:4:25 - 27/11/2024,90.959,4.75,-28.39,-16.52,20.80,78276.00,Active,5,5
10:4:25 - 27/11/2024,91.055,4.69,-28.77,-15.75,21.91,78362.00,Active,5,5
10:4:25 - 27/11/2024,91.163,4.69,-28.84,-15.26,23.39,78463.00,Active,5,5
10:4:25 - 27/11/2024,91.246,4.69,-28.96,-13.86,23.39,78542.00,Active,5,5
10:4:25 - 27/11/2024,91.366,4.69,-29.01,-13.16,24.01,78660.00,Active,5,5
10:4:25 - 27/11/2024,91.486,5.18,-29.06,-12.79,24.63,78777.00,Active,5,5
10:4:25 - 27/11/2024,91.569,5.54,-29.10,-12.79,24.43,78858.00,Active,5,5
10:4:25 - 27/11/2024,91.692,5.99,-29.13,-12.90,24.02,78975.00,Active,5,5
10:4:25 - 27/11/2024,91.810,6.11,-29.13,-12.90,23.19,79082.00,Active,5,5
10:4:25 - 27/11/2024,91.895,6.11,-29.05,-13.27,22.56,79155.00,Active,5,5
10:4:25 - 27/11/2024,92.014,5.94,-29.01,-13.53,19.87,79248.00,Active,5,5
10:4:25 - 27/11/2024,92.139,5.80,-28.97,-13.90,19.91,79352.00,Active,5,5
10:4:25 - 27/11/2024,92.258,5.32,-28.93,-14.35,23.81,79467.00,Active,5,5
10:4:25 - 27/11/2024,92.339,5.32,-28.89,-14.83,23.81,79542.00,Active,5,5
10:4:25 - 27/11/2024,92.463,5.20,-28.83,-15.32,23.60,79658.00,Active,5,5
10:4:25 - 27/11/2024,92.582,5.30,-28.73,-15.77,23.39,79769.00,Active,5,5
10:4:25 - 27/11/2024,92.661,5.30,-28.59,-16.11,23.40,79843.00,Active,5,5
10:4:25 - 27/11/2024,92.825,5.53,-28.59,-16.11,23.19,79992.00,Active,5,5
10:4:25 - 27/11/2024,92.907,5.53,-28.08,-16.73,22.35,80062.00,Active,5,5
10:4:25 - 27/11/2024,92.987,5.53,-28.10,-16.74,21.96,80133.00,Active,5,5
10:4:25 - 27/11/2024,93.110,5.53,-28.13,-16.70,22.78,80246.00,Active,5,5
10:4:25 - 27/11/2024,93.231,5.53,-28.19,-16.64,22.14,80350.00,Active,5,5
10:4:25 - 27/11/2024,93.353,5.53,-28.29,-16.51,19.50,80444.00,Active,5,5
10:4:25 - 27/11/2024,93.438,5.10,-28.44,-16.30,19.50,80512.00,Active,5,5
10:4:25 - 27/11/2024,93.560,4.94,-28.60,-16.04,19.91,80625.00,Active,5,5
10:4:25 - 27/11/2024,93.677,4.94,-28.72,-15.69,23.40,80740.00,Active,5,5
10:4:25 - 27/11/2024,93.838,5.01,-28.72,-15.69,23.60,80892.00,Active,5,5
10:4:25 - 27/11/2024,93.882,5.01,-28.89,-14.38,23.60,80935.00,Active,5,5
10:4:25 - 27/11/2024,94.002,5.01,-29.01,-13.56,24.01,81052.00,Active,5,5
10:4:25 - 27/11/2024,94.094,5.87,-29.06,-12.99,25.04,81145.00,Active,5,5
10:4:25 - 27/11/2024,94.204,5.87,-29.10,-12.84,24.22,81250.00,Active,5,5
10:4:25 - 27/11/2024,94.326,5.87,-29.13,-12.92,22.78,81360.00,Active,5,5
10:4:25 - 27/11/2024,94.414,5.94,-29.10,-13.25,22.78,81438.00,Active,5,5
10:4:25 - 27/11/2024,94.528,5.80,-29.07,-13.49,22.17,81542.00,Active,5,5
10:4:25 - 27/11/2024,94.649,5.80,-29.03,-13.78,23.18,81653.00,Active,5,5
10:4:25 - 27/11/2024,94.814,5.24,-29.03,-13.78,20.97,81792.00,Active,5,5
10:4:25 - 27/11/2024,94.896,5.24,-29.03,-13.78,20.97,81869.00,Active,5,5
10:4:25 - 27/11/2024,94.976,5.35,-28.81,-15.14,23.18,81945.00,Active,5,5
10:4:25 - 27/11/2024,95.096,5.35,-28.71,-15.55,23.19,82059.00,Active,5,5
10:4:25 - 27/11/2024,95.178,5.14,-28.56,-15.93,24.22,82139.00,Active,5,5
10:4:25 - 27/11/2024,95.298,5.14,-28.37,-16.23,24.02,82253.00,Active,5,5
10:4:25 - 27/11/2024,95.422,5.14,-28.21,-16.47,23.79,82369.00,Active,5,5
10:4:25 - 27/11/2024,95.506,5.69,-28.10,-16.64,23.79,82442.00,Active,5,5
10:4:25 - 27/11/2024,95.624,5.69,-28.09,-16.68,22.17,82542.00,Active,5,5
10:4:25 - 27/11/2024,95.787,5.27,-28.16,-16.66,19.29,82669.00,Active,5,5
10:4:25 - 27/11/2024,95.865,5.27,-28.16,-16.66,19.29,82731.00,Active,5,5
10:4:25 - 27/11/2024,95.944,5.27,-28.43,-16.44,19.91,82796.00,Active,5,5
10:4:25 - 27/11/2024,96.074,4.65,-28.43,-16.44,21.81,82918.00,Active,5,5
10:4:25 - 27/11/2024,96.192,4.65,-28.66,-15.93,24.62,83033.00,Active,5,5
10:4:25 - 27/11/2024,96.277,4.65,-28.78,-15.45,23.19,83107.00,Active,5,5
10:4:25 - 27/11/2024,96.395,4.65,-28.87,-14.76,21.96,83211.00,Active,5,5
10:4:25 - 27/11/2024,96.520,5.57,-28.93,-13.96,24.24,83335.00,Active,5,5
10:4:25 - 27/11/2024,96.599,5.57,-28.99,-13.26,24.24,83415.00,Active,5,5
10:4:25 - 27/11/2024,96.806,5.69,-29.04,-12.85,24.21,83614.00,Active,5,5
10:4:25 - 27/11/2024,96.846,5.69,-29.04,-12.85,24.21,83649.00,Active,5,5
10:4:25 - 27/11/2024,96.920,5.69,-29.12,-12.86,22.78,83715.00,Active,5,5
10:4:25 - 27/11/2024,97.042,5.69,-29.12,-12.97,22.77,83827.00,Active,5,5
10:4:25 - 27/11/2024,97.169,5.71,-29.09,-13.07,23.60,83949.00,Active,5,5
10:4:25 - 27/11/2024,97.262,5.46,-29.06,-13.16,23.40,84030.00,Active,5,5
10:4:25 - 27/11/2024,97.367,5.39,-29.02,-13.42,20.53,84116.00,Active,5,5
10:4:25 - 27/11/2024,97.489,5.39,-28.97,-14.00,22.97,84233.00,Active,5,5
10:4:25 - 27/11/2024,97.612,5.38,-28.92,-14.63,25.86,84359.00,Active,5,5
10:4:25 - 27/11/2024,97.692,5.38,-28.80,-15.63,25.86,84433.00,Active,5,5
10:4:25 - 27/11/2024,97.861,5.44,-28.80,-15.63,22.77,84585.00,Active,5,5
10:4:25 - 27/11/2024,97.937,5.70,-28.80,-15.63,22.77,84654.00,Active,5,5
10:4:25 - 27/11/2024,98.016,5.70,-28.44,-16.53,22.99,84731.00,Active,5,5
10:4:25 - 27/11/2024,98.139,5.70,-28.37,-16.67,24.43,84850.00,Active,5,5
10:4:25 - 27/11/2024,98.258,5.35,-28.32,-16.71,23.22,84955.00,Active,5,5
10:4:25 - 27/11/2024,98.342,5.35,-28.32,-16.67,20.83,85021.00,Active,5,5
10:4:25 - 27/11/2024,98.464,5.35,-28.34,-16.61,19.70,85119.00,Active,5,5
10:4:25 - 27/11/2024,98.596,5.46,-28.37,-16.51,20.52,85228.00,Active,5,5
10:4:25 - 27/11/2024,98.668,5.46,-28.43,-16.37,20.52,85290.00,Active,5,5
10:4:25 - 27/11/2024,98.831,5.46,-28.43,-16.37,23.40,85442.00,Active,5,5
10:4:25 - 27/11/2024,98.911,4.84,-28.43,-16.37,23.40,85514.00,Active,5,5
10:4:25 - 27/11/2024,99.031,4.84,-28.86,-15.37,22.97,85625.00,Active,5,5
10:4:25 - 27/11/2024,99.121,5.31,-28.93,-14.65,22.78,85711.00,Active,5,5
10:4:25 - 27/11/2024,99.234,5.52,-29.04,-13.14,25.04,85830.00,Active,5,5
10:4:25 - 27/11/2024,99.355,5.52,-29.04,-13.14,26.27,85955.00,Active,5,5
10:4:25 - 27/11/2024,99.437,5.66,-29.13,-12.78,24.63,86032.00,Active,5,5
10:4:25 - 27/11/2024,99.562,5.91,-29.14,-12.89,23.02,86144.00,Active,5,5
10:4:25 - 27/11/2024,99.678,5.91,-29.12,-13.02,23.15,86253.00,Active,5,5
10:4:25 - 27/11/2024,99.850,5.82,-29.12,-13.02,23.60,86413.00,Active,5,5
10:4:25 - 27/11/2024,99.885,5.57,-29.06,-13.19,23.60,86443.00,Active,5,5
10:4:25 - 27/11/2024,100.004,5.57,-29.02,-13.48,21.96,86549.00,Active,5,5
10:4:25 - 27/11/2024,100.129,5.52,-28.92,-14.14,22.58,86680.00,Active,5,5
10:4:25 - 27/11/2024,100.210,5.52,-28.86,-14.85,26.89,86765.00,Active,5,5
10:4:25 - 27/11/2024,100.329,5.48,-28.76,-15.43,25.88,86882.00,Active,5,5
10:4:25 - 27/11/2024,100.449,5.48,-28.62,-15.92,23.40,86991.00,Active,5,5
10:4:25 - 27/11/2024,100.542,6.04,-28.45,-16.27,22.58,87074.00,Active,5,5
10:4:25 - 27/11/2024,100.653,6.04,-28.30,-16.51,22.17,87173.00,Active,5,5
10:4:25 - 27/11/2024,100.816,6.04,-28.30,-16.51,21.76,87313.00,Active,5,5
10:4:25 - 27/11/2024,100.854,6.04,-28.25,-16.70,21.76,87344.00,Active,5,5
10:4:25 - 27/11/2024,100.976,5.19,-28.31,-16.66,20.73,87445.00,Active,5,5
10:4:25 - 27/11/2024,101.106,5.19,-28.33,-16.59,20.70,87546.00,Active,5,5
10:4:25 - 27/11/2024,101.182,5.19,-28.38,-16.46,19.45,87600.00,Active,5,5
10:4:25 - 27/11/2024,101.304,5.19,-28.49,-16.27,17.65,87686.00,Active,5,5
10:4:25 - 27/11/2024,101.423,5.19,-28.62,-16.03,18.06,87776.00,Active,5,5
10:4:25 - 27/11/2024,101.506,5.19,-28.72,-15.70,19.50,87842.00,Active,5,5
10:4:25 - 27/11/2024,101.627,5.19,-28.81,-15.27,20.32,87942.00,Active,5,5
10:4:25 - 27/11/2024,101.790,5.19,-28.81,-15.27,22.14,88086.00,Active,5,5
10:4:25 - 27/11/2024,101.876,4.82,-28.81,-15.27,22.77,88165.00,Active,5,5
10:4:25 - 27/11/2024,101.952,4.82,-28.99,-13.37,22.77,88234.00,Active,5,5
10:4:25 - 27/11/2024,102.076,4.82,-29.04,-12.92,22.78,88349.00,Active,5,5
10:4:25 - 27/11/2024,102.193,4.82,-29.12,-12.81,23.19,88457.00,Active,5,5
10:4:25 - 27/11/2024,102.280,5.36,-29.12,-13.05,22.99,88537.00,Active,5,5
10:4:25 - 27/11/2024,102.397,5.38,-29.09,-13.23,23.60,88649.00,Active,5,5
10:4:25 - 27/11/2024,102.520,5.38,-29.05,-13.44,22.97,88755.00,Active,5,5
10:4:25 - 27/11/2024,102.599,5.38,-29.01,-13.68,19.91,88813.00,Active,5,5
10:4:25 - 27/11/2024,102.804,5.38,-28.97,-14.02,18.21,88977.00,Active,5,5
10:4:25 - 27/11/2024,102.847,5.06,-28.97,-14.02,22.17,89019.00,Active,5,5
10:4:25 - 27/11/2024,102.934,4.82,-28.89,-14.90,22.17,89102.00,Active,5,5
10:4:25 - 27/11/2024,103.048,4.82,-28.83,-15.39,24.03,89203.00,Active,5,5
10:4:25 - 27/11/2024,103.169,4.82,-28.62,-15.82,21.91,89315.00,Active,5,5
10:4:25 - 27/11/2024,103.289,5.56,-28.47,-16.15,23.39,89425.00,Active,5,5
10:4:25 - 27/11/2024,103.371,5.56,-28.31,-16.40,22.78,89499.00,Active,5,5
10:4:25 - 27/11/2024,103.493,5.56,-28.21,-16.61,21.96,89601.00,Active,5,5
10:4:25 - 27/11/2024,103.611,5.56,-28.19,-16.72,20.49,89695.00,Active,5,5
10:4:25 - 27/11/2024,103.820,5.56,-28.21,-16.72,20.28,89864.00,Active,5,5
10:4:25 - 27/11/2024,103.856,5.56,-28.21,-16.72,20.28,89894.00,Active,5,5
10:4:25 - 27/11/2024,103.949,4.79,-28.21,-16.72,20.23,89968.00,Active,5,5
10:4:25 - 27/11/2024,104.018,4.79,-28.45,-16.40,20.23,90024.00,Active,5,5
10:4:25 - 27/11/2024,104.142,4.79,-28.58,-16.19,19.95,90122.00,Active,5,5
10:4:25 - 27/11/2024,104.264,4.79,-28.69,-15.90,19.91,90219.00,Active,5,5
10:4:25 - 27/11/2024,104.385,4.79,-28.79,-15.50,19.70,90316.00,Active,5,5
10:4:25 - 27/11/2024,104.467,4.79,-28.86,-14.97,20.49,90386.00,Active,5,5
10:4:25 - 27/11/2024,104.590,4.79,-28.91,-14.31,22.14,90497.00,Active,5,5
10:4:25 - 27/11/2024,104.674,4.75,-28.97,-13.59,22.78,90575.00,Active,4,6
10:4:25 - 27/11/2024,104.870,5.10,-28.97,-13.59,23.19,90751.00,Active,4,6
10:4:25 - 27/11/2024,104.891,5.10,-29.06,-12.77,21.55,90779.00,Active,4,6
10:4:25 - 27/11/2024,105.038,5.32,-29.10,-12.81,19.56,90883.00,Active,4,6
10:4:25 - 27/11/2024,105.116,5.32,-29.12,-12.93,19.56,90942.00,Active,4,6
10:4:25 - 27/11/2024,105.235,5.32,-29.10,-13.07,19.00,91034.00,Active,4,6
10:4:25 - 27/11/2024,105.357,5.75,-29.07,-13.20,19.62,91125.00,Active,4,6
10:4:25 - 27/11/2024,105.480,5.75,-29.04,-13.31,18.68,91217.00,Active,4,6
10:4:25 - 27/11/2024,105.565,5.38,-28.98,-13.85,18.68,91282.00,Active,4,6
10:4:25 - 27/11/2024,105.682,5.38,-28.98,-13.85,19.91,91381.00,Active,4,6
10:4:25 - 27/11/2024,105.845,5.38,-28.98,-13.85,20.73,91512.00,Active,4,6
10:4:25 - 27/11/2024,105.892,5.40,-28.86,-15.26,19.91,91549.00,Active,4,6
10:4:25 - 27/11/2024,106.007,5.57,-28.79,-15.66,20.45,91642.00,Active,4,6
10:4:25 - 27/11/2024,106.089,5.57,-28.70,-15.98,20.45,91710.00,Active,4,6
10:4:25 - 27/11/2024,106.230,5.74,-28.44,-16.23,20.73,91829.00,Active,4,6
10:4:25 - 27/11/2024,106.338,5.76,-28.30,-16.45,20.96,91918.00,Active,4,6
10:4:25 - 27/11/2024,106.454,5.76,-28.22,-16.61,20.68,92011.00,Active,4,6
10:4:25 - 27/11/2024,106.535,5.76,-28.20,-16.70,19.70,92072.00,Active,4,6
10:4:25 - 27/11/2024,106.659,5.78,-28.21,-16.71,18.88,92165.00,Active,4,6
10:4:25 - 27/11/2024,106.819,5.78,-28.21,-16.71,19.04,92289.00,Active,4,6
10:4:25 - 27/11/2024,106.900,5.78,-28.21,-16.71,19.66,92350.00,Active,4,6
10:4:25 - 27/11/2024,106.994,5.25,-28.34,-16.54,17.65,92411.00,Active,4,6
10:4:25 - 27/11/2024,107.103,5.25,-28.40,-16.40,16.42,92485.00,Active,4,6
10:4:25 - 27/11/2024,107.228,5.13,-28.61,-16.19,19.09,92584.00,Active,4,6
10:4:25 - 27/11/2024,107.311,4.83,-28.78,-15.67,19.09,92645.00,Active,4,6
10:4:25 - 27/11/2024,107.428,4.83,-28.84,-15.21,18.88,92731.00,Active,4,6
10:4:25 - 27/11/2024,107.547,4.83,-28.90,-14.61,18.42,92825.00,Active,4,6
10:4:25 - 27/11/2024,107.630,4.83,-28.95,-13.97,20.12,92895.00,Active,4,6
10:4:25 - 27/11/2024,107.795,5.38,-28.95,-13.97,21.11,93031.00,Active,4,6
10:4:25 - 27/11/2024,107.874,5.38,-29.04,-12.82,20.53,93095.00,Active,4,6
10:4:25 - 27/11/2024,107.968,5.82,-29.08,-12.63,20.32,93172.00,Active,4,6
10:4:25 - 27/11/2024,108.076,5.82,-29.12,-12.68,20.49,93259.00,Active,4,6
10:4:25 - 27/11/2024,108.198,5.82,-29.13,-12.79,20.53,93360.00,Active,4,6
10:4:25 - 27/11/2024,108.322,5.82,-29.11,-12.95,19.70,93456.00,Active,4,6
10:4:25 - 27/11/2024,108.402,5.80,-29.09,-13.13,19.70,93517.00,Active,4,6
10:4:25 - 27/11/2024,108.524,5.80,-29.06,-13.25,18.88,93608.00,Active,4,6
10:4:25 - 27/11/2024,108.606,5.80,-29.02,-13.40,18.83,93672.00,Active,4,6
10:4:25 - 27/11/2024,108.813,5.44,-29.02,-13.40,20.31,93839.00,Active,4,6
10:4:25 - 27/11/2024,108.844,5.44,-29.02,-13.40,20.31,93865.00,Active,4,6
10:4:25 - 27/11/2024,108.933,5.39,-28.86,-15.30,20.24,93935.00,Active,4,6
10:4:25 - 27/11/2024,109.052,5.56,-28.79,-15.70,19.52,94029.00,Active,4,6
10:4:25 - 27/11/2024,109.172,5.56,-28.70,-16.00,20.32,94128.00,Active,4,6
10:4:25 - 27/11/2024,109.291,5.65,-28.46,-16.25,20.90,94228.00,Active,4,6
10:4:25 - 27/11/2024,109.380,5.64,-28.35,-16.45,20.90,94303.00,Active,4,6
10:4:25 - 27/11/2024,109.496,5.64,-28.30,-16.61,21.35,94400.00,Active,4,6
10:4:25 - 27/11/2024,109.618,5.76,-28.28,-16.67,20.90,94499.00,Active,4,6
10:4:25 - 27/11/2024,109.779,5.76,-28.29,-16.66,20.12,94630.00,Active,4,6
10:4:25 - 27/11/2024,109.861,5.76,-28.29,-16.66,20.12,94692.00,Active,4,6
10:4:25 - 27/11/2024,109.943,5.76,-28.34,-16.57,19.09,94752.00,Active,4,6
10:4:25 - 27/11/2024,110.082,5.78,-28.41,-16.48,18.88,94862.00,Active,4,6
10:4:25 - 27/11/2024,110.155,5.65,-28.48,-16.32,20.11,94922.00,Active,4,6
10:4:25 - 27/11/2024,110.265,5.65,-28.68,-16.08,21.17,95014.00,Active,4,6
10:4:25 - 27/11/2024,110.361,5.36,-28.78,-15.75,21.17,95094.00,Active,4,6
10:4:25 - 27/11/2024,110.478,5.36,-28.91,-14.56,20.93,95191.00,Active,4,6
10:4:25 - 27/11/2024,110.591,5.36,-28.97,-13.73,20.37,95284.00,Active,4,6
10:4:25 - 27/11/2024,110.796,5.93,-28.97,-13.73,21.14,95459.00,Active,4,6
10:4:25 - 27/11/2024,110.876,5.93,-28.97,-13.73,21.55,95528.00,Active,4,6
10:4:25 - 27/11/2024,110.919,5.89,-29.09,-12.55,21.55,95563.00,Active,4,6
10:4:25 - 27/11/2024,111.042,5.95,-29.12,-12.62,21.08,95663.00,Active,4,6
10:4:25 - 27/11/2024,111.119,5.95,-29.13,-12.73,19.91,95724.00,Active,4,6
10:4:25 - 27/11/2024,111.240,5.95,-29.13,-12.87,19.91,95819.00,Active,4,6
10:4:25 - 27/11/2024,111.366,5.84,-29.08,-13.02,19.39,95918.00,Active,4,6
10:4:25 - 27/11/2024,111.483,5.84,-29.08,-13.02,20.66,96016.00,Active,4,6
10:4:25 - 27/11/2024,111.564,5.84,-28.98,-13.37,20.66,96080.00,Active,4,6
10:4:25 - 27/11/2024,111.686,5.84,-28.91,-13.77,19.87,96171.00,Active,4,6
10:4:25 - 27/11/2024,111.849,5.67,-28.91,-13.77,21.14,96309.00,Active,4,6
10:4:25 - 27/11/2024,111.890,5.67,-28.91,-13.77,21.14,96344.00,Active,4,6
10:4:25 - 27/11/2024,112.012,5.67,-28.71,-15.72,21.35,96447.00,Active,4,6
10:4:25 - 27/11/2024,112.132,5.64,-28.60,-16.05,20.73,96545.00,Active,4,6
10:4:25 - 27/11/2024,112.214,5.64,-28.46,-16.30,20.32,96611.00,Active,4,6
10:4:25 - 27/11/2024,112.339,5.84,-28.21,-16.49,19.68,96709.00,Active,4,6
10:4:25 - 27/11/2024,112.458,5.76,-28.16,-16.62,19.78,96803.00,Active,4,6
10:4:25 - 27/11/2024,112.539,5.76,-28.14,-16.67,19.78,96864.00,Active,4,6
10:4:25 - 27/11/2024,112.666,5.76,-28.16,-16.65,19.15,96960.00,Active,4,6
10:4:25 - 27/11/2024,112.863,5.76,-28.16,-16.65,19.70,97115.00,Active,4,6
10:4:25 - 27/11/2024,112.898,5.76,-28.16,-16.65,19.70,97144.00,Active,4,6
10:4:25 - 27/11/2024,112.981,5.76,-28.34,-16.49,19.50,97203.00,Active,4,6
10:4:25 - 27/11/2024,113.108,5.26,-28.43,-16.32,16.97,97283.00,Active,4,6
10:4:25 - 27/11/2024,113.225,5.26,-28.53,-16.07,16.83,97374.00,Active,4,6
10:4:25 - 27/11/2024,113.312,5.29,-28.69,-15.78,21.13,97452.00,Active,4,6
10:4:25 - 27/11/2024,113.434,4.81,-28.75,-15.41,19.99,97545.00,Active,4,6
10:4:25 - 27/11/2024,113.553,4.81,-28.82,-14.81,18.89,97634.00,Active,4,6
10:4:25 - 27/11/2024,113.633,4.81,-28.92,-13.32,18.89,97700.00,Active,4,6
10:4:25 - 27/11/2024,113.801,5.64,-28.92,-13.32,21.32,97842.00,Active,4,6
10:4:25 - 27/11/2024,113.880,5.64,-28.92,-13.32,21.32,97904.00,Active,4,6
10:4:25 - 27/11/2024,113.996,5.64,-29.00,-12.54,19.50,97993.00,Active,4,6
10:4:25 - 27/11/2024,114.084,5.88,-29.05,-12.61,19.09,98059.00,Active,4,6
10:4:25 - 27/11/2024,114.201,5.83,-29.05,-12.73,18.88,98147.00,Active,4,6
10:4:25 - 27/11/2024,114.281,5.83,-29.03,-12.90,19.25,98209.00,Active,4,6
10:4:25 - 27/11/2024,114.410,5.26,-28.98,-13.10,19.09,98307.00,Active,4,6
10:4:25 - 27/11/2024,114.525,5.26,-28.95,-13.28,18.21,98389.00,Active,4,6
10:4:25 - 27/11/2024,114.646,5.26,-28.91,-13.47,17.65,98476.00,Active,4,6
10:4:25 - 27/11/2024,114.809,5.29,-28.91,-13.47,19.29,98602.00,Active,4,6
10:4:25 - 27/11/2024,114.851,5.29,-28.91,-13.47,19.29,98631.00,Active,4,6
10:4:25 - 27/11/2024,114.972,5.29,-28.79,-14.81,18.06,98713.00,Active,4,6
10:4:25 - 27/11/2024,115.059,5.04,-28.74,-15.27,17.24,98777.00,Active,4,6
10:4:25 - 27/11/2024,115.192,5.12,-28.61,-15.92,19.20,98877.00,Active,4,6
10:4:25 - 27/11/2024,115.296,5.12,-28.61,-15.92,18.73,98957.00,Active,4,6
10:4:25 - 27/11/2024,115.389,4.90,-28.27,-16.39,19.26,99029.00,Active,4,6
10:4:25 - 27/11/2024,115.501,4.90,-28.16,-16.56,18.68,99111.00,Active,4,6
10:4:25 - 27/11/2024,115.623,4.90,-28.09,-16.68,17.86,99199.00,Active,4,6
10:4:25 - 27/11/2024,115.784,5.29,-28.09,-16.68,18.68,99319.00,Active,4,6
10:4:25 - 27/11/2024,115.865,5.29,-28.09,-16.68,18.36,99376.00,Active,4,6
10:4:25 - 27/11/2024,115.945,5.29,-28.16,-16.66,18.36,99435.00,Active,4,6
10:4:25 - 27/11/2024,116.065,5.29,-28.22,-16.59,18.06,99517.00,Active,4,6
10:4:25 - 27/11/2024,116.146,5.29,-28.25,-16.50,17.04,99570.00,Active,4,6
10:4:25 - 27/11/2024,116.267,5.29,-28.31,-16.37,16.83,99658.00,Active,4,6
10:4:25 - 27/11/2024,116.387,5.29,-28.48,-16.19,19.50,99753.00,Active,4,6
10:4:25 - 27/11/2024,116.472,5.29,-28.56,-15.93,18.06,99808.00,Active,4,6
10:4:25 - 27/11/2024,116.596,5.29,-28.65,-15.55,16.14,99890.00,Active,4,6
10:4:25 - 27/11/2024,116.799,5.17,-28.71,-15.05,19.45,100050.00,Active,4,6
10:4:25 - 27/11/2024,116.839,5.17,-28.71,-15.05,19.59,100082.00,Active,4,6
10:4:25 - 27/11/2024,116.924,5.17,-28.82,-13.27,19.59,100144.00,Active,4,6
10:4:25 - 27/11/2024,117.047,5.01,-28.82,-13.27,18.43,100228.00,Active,4,6
10:4:25 - 27/11/2024,117.132,5.01,-28.85,-12.69,16.63,100283.00,Active,4,6
10:4:25 - 27/11/2024,117.256,5.01,-28.79,-12.75,17.43,100375.00,Active,4,6
10:4:25 - 27/11/2024,117.381,5.01,-28.64,-12.83,19.03,100469.00,Active,4,6
10:4:25 - 27/11/2024,117.469,4.61,-28.75,-12.95,18.03,100530.00,Active,4,6
10:4:25 - 27/11/2024,117.589,4.61,-28.73,-13.15,16.56,100609.00,Active,4,6
10:4:25 - 27/11/2024,117.804,4.83,-28.88,-13.30,17.23,100757.00,Active,4,6
10:4:25 - 27/11/2024,117.842,4.83,-28.88,-13.30,16.89,100782.00,Active,4,6
10:4:25 - 27/11/2024,117.923,4.83,-28.88,-13.30,16.89,100831.00,Active,4,6
10:4:25 - 27/11/2024,118.006,4.83,-29.21,-13.69,15.55,100881.00,Active,4,6
10:4:25 - 27/11/2024,118.134,4.45,-29.17,-14.15,15.03,100958.00,Active,4,6
10:4:25 - 27/11/2024,118.254,4.45,-29.13,-14.61,15.03,101029.00,Active,4,6
10:4:25 - 27/11/2024,118.337,4.45,-29.09,-14.99,14.54,101075.00,Active,4,6
10:4:25 - 27/11/2024,118.462,4.45,-29.03,-15.31,13.13,101139.00,Active,4,6
10:4:25 - 27/11/2024,118.545,4.45,-28.77,-15.85,13.13,101179.00,Active,4,6
10:4:25 - 27/11/2024,118.670,4.45,-28.65,-16.03,12.02,101241.00,Active,4,6
10:4:25 - 27/11/2024,118.842,4.03,-28.65,-16.03,14.62,101342.00,Active,4,6
10:4:25 - 27/11/2024,118.921,4.03,-28.65,-16.03,14.62,101399.00,Active,4,6
10:4:25 - 27/11/2024,119.004,4.11,-28.47,-16.48,17.63,101465.00,Active,4,6
10:4:25 - 27/11/2024,119.092,4.41,-28.43,-16.59,20.63,101542.00,Active,4,6
10:4:25 - 27/11/2024,119.219,4.66,-28.40,-16.65,21.69,101649.00,Active,4,6
10:4:25 - 27/11/2024,119.333,4.66,-28.43,-16.65,19.95,101739.00,Active,4,6
10:4:25 - 27/11/2024,119.418,5.45,-28.55,-16.62,19.95,101802.00,Active,4,6
10:4:25 - 27/11/2024,119.543,5.45,-28.60,-16.57,18.43,101893.00,Active,4,6
10:4:25 - 27/11/2024,119.676,5.49,-28.64,-16.49,18.38,101987.00,Active,4,6
10:4:25 - 27/11/2024,119.839,5.49,-28.64,-16.49,18.58,102109.00,Active,4,6
10:4:25 - 27/11/2024,119.877,5.01,-28.78,-16.17,18.58,102137.00,Active,4,6
10:4:25 - 27/11/2024,120.000,5.01,-28.87,-15.89,18.38,102220.00,Active,4,6
10:4:25 - 27/11/2024,120.085,5.01,-29.04,-14.97,16.23,102273.00,Active,4,6
10:4:25 - 27/11/2024,120.210,5.01,-29.04,-14.97,17.23,102363.00,Active,4,6
10:4:25 - 27/11/2024,120.333,5.01,-29.09,-14.40,19.08,102457.00,Active,4,6
10:4:25 - 27/11/2024,120.417,5.01,-29.18,-13.27,19.08,102513.00,Active,4,6
10:4:25 - 27/11/2024,120.550,4.59,-29.25,-12.84,16.76,102596.00,Active,4,6
10:4:25 - 27/11/2024,120.625,4.59,-29.28,-12.65,15.83,102646.00,Active,4,6
10:4:25 - 27/11/2024,120.791,4.59,-29.28,-12.65,17.97,102776.00,Active,4,6
10:4:25 - 27/11/2024,120.877,4.47,-29.28,-12.65,19.83,102842.00,Active,4,6
10:4:25 - 27/11/2024,120.958,4.47,-29.33,-12.81,18.03,102897.00,Active,4,6
10:4:25 - 27/11/2024,121.081,4.47,-29.31,-12.96,16.83,102979.00,Active,4,6
10:4:25 - 27/11/2024,121.164,4.47,-29.29,-13.15,16.83,103039.00,Active,4,6
10:4:25 - 27/11/2024,121.290,5.19,-29.26,-13.32,18.03,103136.00,Active,4,6
10:4:25 - 27/11/2024,121.423,4.72,-29.24,-13.47,19.03,103232.00,Active,4,6
10:4:25 - 27/11/2024,121.495,4.72,-29.21,-13.67,17.83,103278.00,Active,4,6
10:4:25 - 27/11/2024,121.624,5.03,-29.13,-14.10,16.49,103366.00,Active,4,6
10:4:25 - 27/11/2024,121.788,5.03,-29.13,-14.10,18.43,103490.00,Active,4,6
10:4:25 - 27/11/2024,121.838,4.92,-28.97,-15.38,18.63,103525.00,Active,4,6
10:4:25 - 27/11/2024,121.957,4.80,-28.88,-15.73,16.83,103605.00,Active,4,6
10:4:25 - 27/11/2024,122.040,4.80,-28.77,-16.01,16.83,103663.00,Active,4,6
10:4:25 - 27/11/2024,122.164,5.00,-28.65,-16.21,17.23,103746.00,Active,4,6
10:4:25 - 27/11/2024,122.294,4.77,-28.52,-16.39,16.83,103838.00,Active,4,6
10:4:25 - 27/11/2024,122.375,4.77,-28.41,-16.53,17.63,103893.00,Active,4,6
10:4:25 - 27/11/2024,122.505,4.50,-28.34,-16.62,16.83,103979.00,Active,4,6
10:4:25 - 27/11/2024,122.623,4.51,-28.38,-16.65,16.56,104058.00,Active,4,6
10:4:25 - 27/11/2024,122.783,4.51,-28.38,-16.65,17.43,104173.00,Active,4,6
10:4:25 - 27/11/2024,122.836,4.51,-28.38,-16.65,18.23,104212.00,Active,4,6
10:4:25 - 27/11/2024,122.913,4.41,-28.54,-16.58,18.23,104265.00,Active,4,6
10:4:25 - 27/11/2024,123.038,4.41,-28.54,-16.58,17.03,104337.00,Active,4,6
10:4:25 - 27/11/2024,123.162,4.64,-28.62,-16.41,14.22,104407.00,Active,4,6
10:4:25 - 27/11/2024,123.256,4.50,-28.78,-16.05,14.42,104465.00,Active,4,6
10:4:25 - 27/11/2024,123.371,4.50,-28.85,-15.83,15.75,104540.00,Active,4,6
10:4:25 - 27/11/2024,123.494,4.50,-28.85,-15.83,16.43,104621.00,Active,4,6
10:4:25 - 27/11/2024,123.592,4.30,-28.92,-15.52,16.69,104686.00,Active,4,6
10:4:25 - 27/11/2024,123.786,4.30,-28.92,-15.52,16.91,104815.00,Active,4,6
10:4:25 - 27/11/2024,123.829,4.30,-28.92,-15.52,16.23,104842.00,Active,4,6
10:4:25 - 27/11/2024,123.921,4.37,-29.19,-13.49,16.23,104902.00,Active,4,6
10:4:25 - 27/11/2024,124.033,4.37,-29.22,-13.06,16.17,104974.00,Active,4,6
10:4:25 - 27/11/2024,124.119,4.37,-29.26,-12.84,15.88,105029.00,Active,4,6
10:4:25 - 27/11/2024,124.255,4.28,-29.29,-12.81,16.23,105117.00,Active,4,6
10:4:25 - 27/11/2024,124.369,4.28,-29.31,-12.85,16.23,105190.00,Active,4,6
10:4:25 - 27/11/2024,124.452,4.28,-29.32,-12.92,16.03,105244.00,Active,4,6
10:4:25 - 27/11/2024,124.592,4.33,-29.32,-13.02,17.37,105344.00,Active,4,6
10:4:25 - 27/11/2024,124.785,4.33,-29.30,-13.15,18.63,105481.00,Active,4,6
10:4:25 - 27/11/2024,124.826,4.33,-29.30,-13.15,17.03,105507.00,Active,4,6
10:4:25 - 27/11/2024,124.918,4.68,-29.30,-13.15,17.03,105563.00,Active,4,6
10:4:25 - 27/11/2024,124.993,4.68,-29.18,-13.81,15.23,105609.00,Active,4,6
10:4:25 - 27/11/2024,125.118,4.68,-29.15,-14.11,15.95,105691.00,Active,4,6
10:4:25 - 27/11/2024,125.241,4.49,-29.15,-14.11,16.83,105775.00,Active,4,6
10:4:25 - 27/11/2024,125.330,4.42,-29.08,-14.89,16.95,105835.00,Active,4,6
10:4:25 - 27/11/2024,125.450,4.42,-29.03,-15.27,16.07,105911.00,Active,4,6
10:4:25 - 27/11/2024,125.578,4.42,-28.89,-15.61,16.36,105995.00,Active,4,6
10:4:25 - 27/11/2024,125.668,4.43,-28.80,-15.87,16.36,106058.00,Active,4,6
10:4:25 - 27/11/2024,125.825,4.43,-28.80,-15.87,18.78,106177.00,Active,4,6
10:4:25 - 27/11/2024,125.869,4.43,-28.56,-16.30,18.78,106208.00,Active,4,6
10:4:25 - 27/11/2024,125.995,4.51,-28.47,-16.47,17.63,106292.00,Active,4,6
10:4:25 - 27/11/2024,126.116,4.51,-28.44,-16.60,15.83,106366.00,Active,4,6
10:4:25 - 27/11/2024,126.200,4.51,-28.42,-16.65,15.63,106419.00,Active,4,6
10:4:25 - 27/11/2024,126.326,4.63,-28.42,-16.64,17.23,106508.00,Active,4,6
10:4:25 - 27/11/2024,126.448,4.63,-28.42,-16.64,18.63,106600.00,Active,4,6
10:4:25 - 27/11/2024,126.532,4.63,-28.52,-16.56,18.63,106657.00,Active,4,6
10:4:25 - 27/11/2024,126.676,4.67,-28.52,-16.56,17.51,106736.00,Active,4,6
10:4:25 - 27/11/2024,126.824,4.67,-28.52,-16.56,13.86,106818.00,Active,4,6
10:4:25 - 27/11/2024,126.865,4.67,-28.76,-16.17,13.86,106842.00,Active,4,6
10:4:25 - 27/11/2024,126.988,4.67,-28.83,-15.97,15.03,106917.00,Active,4,6
10:4:25 - 27/11/2024,127.073,4.67,-28.90,-15.71,14.82,106966.00,Active,4,6
10:4:25 - 27/11/2024,127.199,4.67,-28.97,-15.36,14.62,107040.00,Active,4,6
10:4:25 - 27/11/2024,127.323,4.67,-29.03,-14.93,14.62,107112.00,Active,4,6
10:4:25 - 27/11/2024,127.404,4.67,-29.08,-14.43,14.62,107158.00,Active,4,6
10:4:25 - 27/11/2024,127.530,4.18,-29.12,-13.91,14.02,107227.00,Active,4,6
10:4:25 - 27/11/2024,127.655,4.18,-29.17,-13.48,13.73,107299.00,Active,4,6
10:4:25 - 27/11/2024,127.784,4.11,-29.17,-13.48,15.03,107392.00,Active,4,6
10:4:25 - 27/11/2024,127.863,4.11,-29.17,-13.48,18.23,107454.00,Active,4,6
10:4:25 - 27/11/2024,127.970,4.45,-29.26,-12.77,20.03,107541.00,Active,4,6
10:4:25 - 27/11/2024,128.070,4.45,-29.29,-12.76,19.63,107617.00,Active,4,6
10:4:25 - 27/11/2024,128.197,4.45,-29.30,-12.84,17.83,107706.00,Active,4,6
10:4:25 - 27/11/2024,128.290,5.36,-29.29,-13.12,17.83,107772.00,Active,4,6
10:4:25 - 27/11/2024,128.404,5.49,-29.26,-13.29,17.89,107854.00,Active,4,6
10:4:25 - 27/11/2024,128.488,5.49,-29.24,-13.43,17.92,107915.00,Active,4,6
10:4:25 - 27/11/2024,128.618,4.91,-29.21,-13.59,17.97,108003.00,Active,2,8
10:4:25 - 27/11/2024,128.831,4.84,-29.21,-13.59,16.08,108137.00,Active,0,10
10:4:25 - 27/11/2024,128.902,4.84,-29.21,-13.59,16.08,108186.00,Active,1,11
10:4:25 - 27/11/2024,128.969,4.61,-29.21,-13.59,17.23,108236.00,Active,1,11
10:4:25 - 27/11/2024,129.050,4.61,-29.02,-15.08,17.95,108295.00,Active,0,12
10:4:25 - 27/11/2024,129.164,4.61,-29.02,-15.08,21.60,108395.00,Active,5,13
10:4:25 - 27/11/2024,129.291,4.43,-28.87,-15.78,20.43,108495.00,Active,5,13
10:4:25 - 27/11/2024,129.378,3.92,-28.76,-16.05,20.43,108562.00,Active,5,13
10:4:25 - 27/11/2024,129.483,3.64,-28.60,-16.31,19.20,108634.00,Active,5,13
10:4:25 - 27/11/2024,129.610,3.64,-28.60,-16.31,16.48,108698.00,Active,3,14
10:4:25 - 27/11/2024,129.777,3.31,-28.60,-16.31,5.21,108732.00,Active,3,14
10:4:25 - 27/11/2024,129.858,3.31,-28.60,-16.31,5.21,108732.00,Active,3,14
10:4:25 - 27/11/2024,129.946,3.17,-28.43,-16.66,0.00,108727.00,Active,3,14
10:4:25 - 27/11/2024,130.030,3.23,-28.45,-16.67,-1.23,108724.00,Active,3,14
10:4:25 - 27/11/2024,130.146,3.23,-28.41,-16.68,0.80,108729.00,Active,3,14
10:4:25 - 27/11/2024,130.228,3.23,-28.38,-16.68,0.80,108738.00,Active,3,14
10:4:25 - 27/11/2024,130.353,2.93,-28.37,-16.67,2.46,108753.00,Active,3,14
10:4:25 - 27/11/2024,130.473,3.23,-28.38,-16.67,2.87,108759.00,Active,3,14
10:4:25 - 27/11/2024,130.591,3.23,-28.38,-16.66,1.03,108757.00,Active,3,14
10:4:25 - 27/11/2024,130.798,3.19,-28.38,-16.66,-0.40,108755.00,Active,3,14
10:4:25 - 27/11/2024,130.839,3.19,-28.38,-16.66,-0.40,108755.00,Active,3,14
10:4:25 - 27/11/2024,130.882,3.19,-28.38,-16.66,0.20,108757.00,Active,3,14
10:4:25 - 27/11/2024,131.008,2.89,-28.40,-16.66,0.82,108762.00,Active,3,14
10:4:25 - 27/11/2024,131.126,2.89,-28.40,-16.65,0.82,108764.00,Active,2,15
10:4:25 - 27/11/2024,131.258,2.89,-28.40,-16.65,0.00,108764.00,Active,1,16
10:4:25 - 27/11/2024,131.336,2.89,-28.40,-16.65,0.00,108764.00,Active,0,17
10:4:25 - 27/11/2024,131.463,2.89,-28.40,-16.64,0.00,108764.00,Active,0,17
10:4:25 - 27/11/2024,131.570,2.89,-28.40,-16.64,0.00,108764.00,Active,0,17
